Time_epoch_ref,Power_AC_kW_ref,Power_PV_kW_ref,Power_ESS_kW_ref,Power_EV_kW_ref,Power_EWH_kW_ref,Power_Unctrl_kW_ref
1597622400.0,0.0,0.0,0.0,0.0,0.0,0.67071428571
1597622460.0,0.0,0.0,0.0,0.0,0.0,0.67071428571
1597622520.0,0.0,0.0,0.0,0.0,0.0,0.67071428571
1597622580.0,0.0,0.0,0.0,0.0,0.0,0.67071428571
1597622640.0,0.0,0.0,0.0,0.0,0.0,0.67071428571
1597622700.0,0.0,0.0,0.0,0.0,0.0,0.67071428571
1597622760.0,0.0,0.0,0.0,0.0,0.0,0.67071428571
1597622820.0,0.0,0.0,0.0,0.0,0.0,0.67071428571
1597622880.0,0.0,0.0,0.0,0.0,0.0,0.67071428571
1597622940.0,0.0,0.0,0.0,0.0,0.0,0.67071428571
1597623000.0,0.0,0.0,0.0,0.0,0.0,0.67071428571
1597623060.0,0.0,0.0,0.0,0.0,0.0,0.67071428571
1597623120.0,0.0,0.0,0.0,0.0,0.0,0.67071428571
1597623180.0,0.0,0.0,0.0,0.0,0.0,0.67071428571
1597623240.0,0.0,0.0,0.0,0.0,0.0,0.67071428571
1597623300.0,0.0,0.0,-0.63098095238,0.0,0.0,0.7236952381
1597623360.0,0.0,0.0,-0.63098095238,0.0,0.0,0.7236952381
1597623420.0,0.0,0.0,-0.63098095238,0.0,0.0,0.7236952381
1597623480.0,0.0,0.0,-0.63098095238,0.0,0.0,0.7236952381
1597623540.0,0.0,0.0,-0.63098095238,0.0,0.0,0.7236952381
1597623600.0,0.0,0.0,-0.63098095238,0.0,0.0,0.7236952381
1597623660.0,0.0,0.0,-0.63098095238,0.0,0.0,0.7236952381
1597623720.0,0.0,0.0,-0.63098095238,0.0,0.0,0.7236952381
1597623780.0,0.0,0.0,-0.63098095238,0.0,0.0,0.7236952381
1597623840.0,0.0,0.0,-0.63098095238,0.0,0.0,0.7236952381
1597623900.0,0.0,0.0,-0.63098095238,0.0,0.0,0.7236952381
1597623960.0,0.0,0.0,-0.63098095238,0.0,0.0,0.7236952381
1597624020.0,0.0,0.0,-0.63098095238,0.0,0.0,0.7236952381
1597624080.0,0.0,0.0,-0.63098095238,0.0,0.0,0.7236952381
1597624140.0,0.0,0.0,-0.63098095238,0.0,0.0,0.7236952381
1597624200.0,0.0,0.0,-0.63098095238,0.0,0.0,0.74341904762
1597624260.0,0.0,0.0,-0.63098095238,0.0,0.0,0.74341904762
1597624320.0,0.0,0.0,-0.63098095238,0.0,0.0,0.74341904762
1597624380.0,0.0,0.0,-0.63098095238,0.0,0.0,0.74341904762
1597624440.0,0.0,0.0,-0.63098095238,0.0,0.0,0.74341904762
1597624500.0,0.0,0.0,-0.63098095238,0.0,0.0,0.74341904762
1597624560.0,0.0,0.0,-0.63098095238,0.0,0.0,0.74341904762
1597624620.0,0.0,0.0,-0.63098095238,0.0,0.0,0.74341904762
1597624680.0,0.0,0.0,-0.63098095238,0.0,0.0,0.74341904762
1597624740.0,0.0,0.0,-0.63098095238,0.0,0.0,0.74341904762
1597624800.0,0.0,0.0,-0.63098095238,0.0,0.0,0.74341904762
1597624860.0,0.0,0.0,-0.63098095238,0.0,0.0,0.74341904762
1597624920.0,0.0,0.0,-0.63098095238,0.0,0.0,0.74341904762
1597624980.0,0.0,0.0,-0.63098095238,0.0,0.0,0.74341904762
1597625040.0,0.0,0.0,-0.63098095238,0.0,0.0,0.74341904762
1597625100.0,0.0,0.0,-0.63098095238,0.0,0.0,0.67354285714
1597625160.0,0.0,0.0,-0.63098095238,0.0,0.0,0.67354285714
1597625220.0,0.0,0.0,-0.63098095238,0.0,0.0,0.67354285714
1597625280.0,0.0,0.0,-0.63098095238,0.0,0.0,0.67354285714
1597625340.0,0.0,0.0,-0.63098095238,0.0,0.0,0.67354285714
1597625400.0,0.0,0.0,-0.63098095238,0.0,0.0,0.67354285714
1597625460.0,0.0,0.0,-0.63098095238,0.0,0.0,0.67354285714
1597625520.0,0.0,0.0,-0.63098095238,0.0,0.0,0.67354285714
1597625580.0,0.0,0.0,-0.63098095238,0.0,0.0,0.67354285714
1597625640.0,0.0,0.0,-0.63098095238,0.0,0.0,0.67354285714
1597625700.0,0.0,0.0,-0.63098095238,0.0,0.0,0.67354285714
1597625760.0,0.0,0.0,-0.63098095238,0.0,0.0,0.67354285714
1597625820.0,0.0,0.0,-0.63098095238,0.0,0.0,0.67354285714
1597625880.0,0.0,0.0,-0.63098095238,0.0,0.0,0.67354285714
1597625940.0,0.0,0.0,-0.63098095238,0.0,0.0,0.67354285714
1597626000.0,0.0,0.0,-0.63098095238,0.0,0.0,0.63681904762
1597626060.0,0.0,0.0,-0.63098095238,0.0,0.0,0.63681904762
1597626120.0,0.0,0.0,-0.63098095238,0.0,0.0,0.63681904762
1597626180.0,0.0,0.0,-0.63098095238,0.0,0.0,0.63681904762
1597626240.0,0.0,0.0,-0.63098095238,0.0,0.0,0.63681904762
1597626300.0,0.0,0.0,-0.63098095238,0.0,0.0,0.63681904762
1597626360.0,0.0,0.0,-0.63098095238,0.0,0.0,0.63681904762
1597626420.0,0.0,0.0,-0.63098095238,0.0,0.0,0.63681904762
1597626480.0,0.0,0.0,-0.63098095238,0.0,0.0,0.63681904762
1597626540.0,0.0,0.0,-0.63098095238,0.0,0.0,0.63681904762
1597626600.0,0.0,0.0,-0.63098095238,0.0,0.0,0.63681904762
1597626660.0,0.0,0.0,-0.63098095238,0.0,0.0,0.63681904762
1597626720.0,0.0,0.0,-0.63098095238,0.0,0.0,0.63681904762
1597626780.0,0.0,0.0,-0.63098095238,0.0,0.0,0.63681904762
1597626840.0,0.0,0.0,-0.63098095238,0.0,0.0,0.63681904762
1597626900.0,0.0,0.0,-0.63098095238,0.0,0.0,0.71114285714
1597626960.0,0.0,0.0,-0.63098095238,0.0,0.0,0.71114285714
1597627020.0,0.0,0.0,-0.63098095238,0.0,0.0,0.71114285714
1597627080.0,0.0,0.0,-0.63098095238,0.0,0.0,0.71114285714
1597627140.0,0.0,0.0,-0.63098095238,0.0,0.0,0.71114285714
1597627200.0,0.0,0.0,-0.63098095238,0.0,0.0,0.71114285714
1597627260.0,0.0,0.0,-0.63098095238,0.0,0.0,0.71114285714
1597627320.0,0.0,0.0,-0.63098095238,0.0,0.0,0.71114285714
1597627380.0,0.0,0.0,-0.63098095238,0.0,0.0,0.71114285714
1597627440.0,0.0,0.0,-0.63098095238,0.0,0.0,0.71114285714
1597627500.0,0.0,0.0,-0.63098095238,0.0,0.0,0.71114285714
1597627560.0,0.0,0.0,-0.63098095238,0.0,0.0,0.71114285714
1597627620.0,0.0,0.0,-0.63098095238,0.0,0.0,0.71114285714
1597627680.0,0.0,0.0,-0.63098095238,0.0,0.0,0.71114285714
1597627740.0,0.0,0.0,-0.63098095238,0.0,0.0,0.71114285714
1597627800.0,0.0,0.0,-0.63098095238,0.0,0.0,0.66080952381
1597627860.0,0.0,0.0,-0.63098095238,0.0,0.0,0.66080952381
1597627920.0,0.0,0.0,-0.63098095238,0.0,0.0,0.66080952381
1597627980.0,0.0,0.0,-0.63098095238,0.0,0.0,0.66080952381
1597628040.0,0.0,0.0,-0.63098095238,0.0,0.0,0.66080952381
1597628100.0,0.0,0.0,-0.63098095238,0.0,0.0,0.66080952381
1597628160.0,0.0,0.0,-0.63098095238,0.0,0.0,0.66080952381
1597628220.0,0.0,0.0,-0.63098095238,0.0,0.0,0.66080952381
1597628280.0,0.0,0.0,-0.63098095238,0.0,0.0,0.66080952381
1597628340.0,0.0,0.0,-0.63098095238,0.0,0.0,0.66080952381
1597628400.0,0.0,0.0,-0.63098095238,0.0,0.0,0.66080952381
1597628460.0,0.0,0.0,-0.63098095238,0.0,0.0,0.66080952381
1597628520.0,0.0,0.0,-0.63098095238,0.0,0.0,0.66080952381
1597628580.0,0.0,0.0,-0.63098095238,0.0,0.0,0.66080952381
1597628640.0,0.0,0.0,-0.63098095238,0.0,0.0,0.66080952381
1597628700.0,0.0,0.0,-0.63098095238,0.0,0.0,0.63098095238
1597628760.0,0.0,0.0,-0.63098095238,0.0,0.0,0.63098095238
1597628820.0,0.0,0.0,-0.63098095238,0.0,0.0,0.63098095238
1597628880.0,0.0,0.0,-0.63098095238,0.0,0.0,0.63098095238
1597628940.0,0.0,0.0,-0.63098095238,0.0,0.0,0.63098095238
1597629000.0,0.0,0.0,-0.63098095238,0.0,0.0,0.63098095238
1597629060.0,0.0,0.0,-0.63098095238,0.0,0.0,0.63098095238
1597629120.0,0.0,0.0,-0.63098095238,0.0,0.0,0.63098095238
1597629180.0,0.0,0.0,-0.63098095238,0.0,0.0,0.63098095238
1597629240.0,0.0,0.0,-0.63098095238,0.0,0.0,0.63098095238
1597629300.0,0.0,0.0,-0.63098095238,0.0,0.0,0.63098095238
1597629360.0,0.0,0.0,-0.63098095238,0.0,0.0,0.63098095238
1597629420.0,0.0,0.0,-0.63098095238,0.0,0.0,0.63098095238
1597629480.0,0.0,0.0,-0.63098095238,0.0,0.0,0.63098095238
1597629540.0,0.0,0.0,-0.63098095238,0.0,0.0,0.63098095238
1597629600.0,2.0,0.0,-0.86930681181,0.0,0.0,0.63968571429
1597629660.0,2.0,0.0,-0.86930681181,0.0,0.0,0.63968571429
1597629720.0,2.0,0.0,-0.86930681181,0.0,0.0,0.63968571429
1597629780.0,2.0,0.0,-0.86930681181,0.0,0.0,0.63968571429
1597629840.0,2.0,0.0,-0.86930681181,0.0,0.0,0.63968571429
1597629900.0,2.0,0.0,-0.86930681181,0.0,0.0,0.63968571429
1597629960.0,2.0,0.0,-0.86930681181,0.0,0.0,0.63968571429
1597630020.0,2.0,0.0,-0.86930681181,0.0,0.0,0.63968571429
1597630080.0,2.0,0.0,-0.86930681181,0.0,0.0,0.63968571429
1597630140.0,2.0,0.0,-0.86930681181,0.0,0.0,0.63968571429
1597630200.0,2.0,0.0,-0.86930681181,0.0,0.0,0.63968571429
1597630260.0,2.0,0.0,-0.86930681181,0.0,0.0,0.63968571429
1597630320.0,2.0,0.0,-0.86930681181,0.0,0.0,0.63968571429
1597630380.0,2.0,0.0,-0.86930681181,0.0,0.0,0.63968571429
1597630440.0,2.0,0.0,-0.86930681181,0.0,0.0,0.63968571429
1597630500.0,2.0,0.0,-0.86930681181,0.0,0.0,0.69304761905
1597630560.0,2.0,0.0,-0.86930681181,0.0,0.0,0.69304761905
1597630620.0,2.0,0.0,-0.86930681181,0.0,0.0,0.69304761905
1597630680.0,2.0,0.0,-0.86930681181,0.0,0.0,0.69304761905
1597630740.0,2.0,0.0,-0.86930681181,0.0,0.0,0.69304761905
1597630800.0,2.0,0.0,-0.86930681181,0.0,0.0,0.69304761905
1597630860.0,2.0,0.0,-0.86930681181,0.0,0.0,0.69304761905
1597630920.0,2.0,0.0,-0.86930681181,0.0,0.0,0.69304761905
1597630980.0,2.0,0.0,-0.86930681181,0.0,0.0,0.69304761905
1597631040.0,2.0,0.0,-0.86930681181,0.0,0.0,0.69304761905
1597631100.0,2.0,0.0,-0.86930681181,0.0,0.0,0.69304761905
1597631160.0,2.0,0.0,-0.86930681181,0.0,0.0,0.69304761905
1597631220.0,2.0,0.0,-0.86930681181,0.0,0.0,0.69304761905
1597631280.0,2.0,0.0,-0.86930681181,0.0,0.0,0.69304761905
1597631340.0,2.0,0.0,-0.86930681181,0.0,0.0,0.69304761905
1597631400.0,0.0,0.0,-0.56652744598,0.0,0.0,0.5741047619
1597631460.0,0.0,0.0,-0.56652744598,0.0,0.0,0.5741047619
1597631520.0,0.0,0.0,-0.56652744598,0.0,0.0,0.5741047619
1597631580.0,0.0,0.0,-0.56652744598,0.0,0.0,0.5741047619
1597631640.0,0.0,0.0,-0.56652744598,0.0,0.0,0.5741047619
1597631700.0,0.0,0.0,-0.56652744598,0.0,0.0,0.5741047619
1597631760.0,0.0,0.0,-0.56652744598,0.0,0.0,0.5741047619
1597631820.0,0.0,0.0,-0.56652744598,0.0,0.0,0.5741047619
1597631880.0,0.0,0.0,-0.56652744598,0.0,0.0,0.5741047619
1597631940.0,0.0,0.0,-0.56652744598,0.0,0.0,0.5741047619
1597632000.0,0.0,0.0,-0.56652744598,0.0,0.0,0.5741047619
1597632060.0,0.0,0.0,-0.56652744598,0.0,0.0,0.5741047619
1597632120.0,0.0,0.0,-0.56652744598,0.0,0.0,0.5741047619
1597632180.0,0.0,0.0,-0.56652744598,0.0,0.0,0.5741047619
1597632240.0,0.0,0.0,-0.56652744598,0.0,0.0,0.5741047619
1597632300.0,0.0,0.0,-0.5137260212,0.0,0.0,0.68503809524
1597632360.0,0.0,0.0,-0.5137260212,0.0,0.0,0.68503809524
1597632420.0,0.0,0.0,-0.5137260212,0.0,0.0,0.68503809524
1597632480.0,0.0,0.0,-0.5137260212,0.0,0.0,0.68503809524
1597632540.0,0.0,0.0,-0.5137260212,0.0,0.0,0.68503809524
1597632600.0,0.0,0.0,-0.5137260212,0.0,0.0,0.68503809524
1597632660.0,0.0,0.0,-0.5137260212,0.0,0.0,0.68503809524
1597632720.0,0.0,0.0,-0.5137260212,0.0,0.0,0.68503809524
1597632780.0,0.0,0.0,-0.5137260212,0.0,0.0,0.68503809524
1597632840.0,0.0,0.0,-0.5137260212,0.0,0.0,0.68503809524
1597632900.0,0.0,0.0,-0.5137260212,0.0,0.0,0.68503809524
1597632960.0,0.0,0.0,-0.5137260212,0.0,0.0,0.68503809524
1597633020.0,0.0,0.0,-0.5137260212,0.0,0.0,0.68503809524
1597633080.0,0.0,0.0,-0.5137260212,0.0,0.0,0.68503809524
1597633140.0,0.0,0.0,-0.5137260212,0.0,0.0,0.68503809524
1597633200.0,0.0,0.0,-0.50407990287,0.0,0.0,0.58034285714
1597633260.0,0.0,0.0,-0.50407990287,0.0,0.0,0.58034285714
1597633320.0,0.0,0.0,-0.50407990287,0.0,0.0,0.58034285714
1597633380.0,0.0,0.0,-0.50407990287,0.0,0.0,0.58034285714
1597633440.0,0.0,0.0,-0.50407990287,0.0,0.0,0.58034285714
1597633500.0,0.0,0.0,-0.50407990287,0.0,0.0,0.58034285714
1597633560.0,0.0,0.0,-0.50407990287,0.0,0.0,0.58034285714
1597633620.0,0.0,0.0,-0.50407990287,0.0,0.0,0.58034285714
1597633680.0,0.0,0.0,-0.50407990287,0.0,0.0,0.58034285714
1597633740.0,0.0,0.0,-0.50407990287,0.0,0.0,0.58034285714
1597633800.0,0.0,0.0,-0.50407990287,0.0,0.0,0.58034285714
1597633860.0,0.0,0.0,-0.50407990287,0.0,0.0,0.58034285714
1597633920.0,0.0,0.0,-0.50407990287,0.0,0.0,0.58034285714
1597633980.0,0.0,0.0,-0.50407990287,0.0,0.0,0.58034285714
1597634040.0,0.0,0.0,-0.50407990287,0.0,0.0,0.58034285714
1597634100.0,0.0,0.0,-0.50407990287,0.0,0.0,0.63531428571
1597634160.0,0.0,0.0,-0.50407990287,0.0,0.0,0.63531428571
1597634220.0,0.0,0.0,-0.50407990287,0.0,0.0,0.63531428571
1597634280.0,0.0,0.0,-0.50407990287,0.0,0.0,0.63531428571
1597634340.0,0.0,0.0,-0.50407990287,0.0,0.0,0.63531428571
1597634400.0,0.0,0.0,-0.50407990287,0.0,0.0,0.63531428571
1597634460.0,0.0,0.0,-0.50407990287,0.0,0.0,0.63531428571
1597634520.0,0.0,0.0,-0.50407990287,0.0,0.0,0.63531428571
1597634580.0,0.0,0.0,-0.50407990287,0.0,0.0,0.63531428571
1597634640.0,0.0,0.0,-0.50407990287,0.0,0.0,0.63531428571
1597634700.0,0.0,0.0,-0.50407990287,0.0,0.0,0.63531428571
1597634760.0,0.0,0.0,-0.50407990287,0.0,0.0,0.63531428571
1597634820.0,0.0,0.0,-0.50407990287,0.0,0.0,0.63531428571
1597634880.0,0.0,0.0,-0.50407990287,0.0,0.0,0.63531428571
1597634940.0,0.0,0.0,-0.50407990287,0.0,0.0,0.63531428571
1597635000.0,0.0,0.0,-0.49284228367,0.0,0.0,0.61906666667
1597635060.0,0.0,0.0,-0.49284228367,0.0,0.0,0.61906666667
1597635120.0,0.0,0.0,-0.49284228367,0.0,0.0,0.61906666667
1597635180.0,0.0,0.0,-0.49284228367,0.0,0.0,0.61906666667
1597635240.0,0.0,0.0,-0.49284228367,0.0,0.0,0.61906666667
1597635300.0,0.0,0.0,-0.49284228367,0.0,0.0,0.61906666667
1597635360.0,0.0,0.0,-0.49284228367,0.0,0.0,0.61906666667
1597635420.0,0.0,0.0,-0.49284228367,0.0,0.0,0.61906666667
1597635480.0,0.0,0.0,-0.49284228367,0.0,0.0,0.61906666667
1597635540.0,0.0,0.0,-0.49284228367,0.0,0.0,0.61906666667
1597635600.0,0.0,0.0,-0.49284228367,0.0,0.0,0.61906666667
1597635660.0,0.0,0.0,-0.49284228367,0.0,0.0,0.61906666667
1597635720.0,0.0,0.0,-0.49284228367,0.0,0.0,0.61906666667
1597635780.0,0.0,0.0,-0.49284228367,0.0,0.0,0.61906666667
1597635840.0,0.0,0.0,-0.49284228367,0.0,0.0,0.61906666667
1597635900.0,0.0,0.0,-0.48232824687,0.0,0.0,0.61466666667
1597635960.0,0.0,0.0,-0.48232824687,0.0,0.0,0.61466666667
1597636020.0,0.0,0.0,-0.48232824687,0.0,0.0,0.61466666667
1597636080.0,0.0,0.0,-0.48232824687,0.0,0.0,0.61466666667
1597636140.0,0.0,0.0,-0.48232824687,0.0,0.0,0.61466666667
1597636200.0,0.0,0.0,-0.48232824687,0.0,0.0,0.61466666667
1597636260.0,0.0,0.0,-0.48232824687,0.0,0.0,0.61466666667
1597636320.0,0.0,0.0,-0.48232824687,0.0,0.0,0.61466666667
1597636380.0,0.0,0.0,-0.48232824687,0.0,0.0,0.61466666667
1597636440.0,0.0,0.0,-0.48232824687,0.0,0.0,0.61466666667
1597636500.0,0.0,0.0,-0.48232824687,0.0,0.0,0.61466666667
1597636560.0,0.0,0.0,-0.48232824687,0.0,0.0,0.61466666667
1597636620.0,0.0,0.0,-0.48232824687,0.0,0.0,0.61466666667
1597636680.0,0.0,0.0,-0.48232824687,0.0,0.0,0.61466666667
1597636740.0,0.0,0.0,-0.48232824687,0.0,0.0,0.61466666667
1597636800.0,0.0,0.0,-0.47254933645,0.0,0.0,0.60855238095
1597636860.0,0.0,0.0,-0.47254933645,0.0,0.0,0.60855238095
1597636920.0,0.0,0.0,-0.47254933645,0.0,0.0,0.60855238095
1597636980.0,0.0,0.0,-0.47254933645,0.0,0.0,0.60855238095
1597637040.0,0.0,0.0,-0.47254933645,0.0,0.0,0.60855238095
1597637100.0,0.0,0.0,-0.47254933645,0.0,0.0,0.60855238095
1597637160.0,0.0,0.0,-0.47254933645,0.0,0.0,0.60855238095
1597637220.0,0.0,0.0,-0.47254933645,0.0,0.0,0.60855238095
1597637280.0,0.0,0.0,-0.47254933645,0.0,0.0,0.60855238095
1597637340.0,0.0,0.0,-0.47254933645,0.0,0.0,0.60855238095
1597637400.0,0.0,0.0,-0.47254933645,0.0,0.0,0.60855238095
1597637460.0,0.0,0.0,-0.47254933645,0.0,0.0,0.60855238095
1597637520.0,0.0,0.0,-0.47254933645,0.0,0.0,0.60855238095
1597637580.0,0.0,0.0,-0.47254933645,0.0,0.0,0.60855238095
1597637640.0,0.0,0.0,-0.47254933645,0.0,0.0,0.60855238095
1597637700.0,0.0,0.0,-0.46337672878,0.0,0.0,0.64513333333
1597637760.0,0.0,0.0,-0.46337672878,0.0,0.0,0.64513333333
1597637820.0,0.0,0.0,-0.46337672878,0.0,0.0,0.64513333333
1597637880.0,0.0,0.0,-0.46337672878,0.0,0.0,0.64513333333
1597637940.0,0.0,0.0,-0.46337672878,0.0,0.0,0.64513333333
1597638000.0,0.0,0.0,-0.46337672878,0.0,0.0,0.64513333333
1597638060.0,0.0,0.0,-0.46337672878,0.0,0.0,0.64513333333
1597638120.0,0.0,0.0,-0.46337672878,0.0,0.0,0.64513333333
1597638180.0,0.0,0.0,-0.46337672878,0.0,0.0,0.64513333333
1597638240.0,0.0,0.0,-0.46337672878,0.0,0.0,0.64513333333
1597638300.0,0.0,0.0,-0.46337672878,0.0,0.0,0.64513333333
1597638360.0,0.0,0.0,-0.46337672878,0.0,0.0,0.64513333333
1597638420.0,0.0,0.0,-0.46337672878,0.0,0.0,0.64513333333
1597638480.0,0.0,0.0,-0.46337672878,0.0,0.0,0.64513333333
1597638540.0,0.0,0.0,-0.46337672878,0.0,0.0,0.64513333333
1597638600.0,0.0,0.0,-0.45464565438,0.0,0.0,0.52886666667
1597638660.0,0.0,0.0,-0.45464565438,0.0,0.0,0.52886666667
1597638720.0,0.0,0.0,-0.45464565438,0.0,0.0,0.52886666667
1597638780.0,0.0,0.0,-0.45464565438,0.0,0.0,0.52886666667
1597638840.0,0.0,0.0,-0.45464565438,0.0,0.0,0.52886666667
1597638900.0,0.0,0.0,-0.45464565438,0.0,0.0,0.52886666667
1597638960.0,0.0,0.0,-0.45464565438,0.0,0.0,0.52886666667
1597639020.0,0.0,0.0,-0.45464565438,0.0,0.0,0.52886666667
1597639080.0,0.0,0.0,-0.45464565438,0.0,0.0,0.52886666667
1597639140.0,0.0,0.0,-0.45464565438,0.0,0.0,0.52886666667
1597639200.0,0.0,0.0,-0.45464565438,0.0,0.0,0.52886666667
1597639260.0,0.0,0.0,-0.45464565438,0.0,0.0,0.52886666667
1597639320.0,0.0,0.0,-0.45464565438,0.0,0.0,0.52886666667
1597639380.0,0.0,0.0,-0.45464565438,0.0,0.0,0.52886666667
1597639440.0,0.0,0.0,-0.45464565438,0.0,0.0,0.52886666667
1597639500.0,0.0,0.0,-0.44618692997,0.0,0.0,0.55427619048
1597639560.0,0.0,0.0,-0.44618692997,0.0,0.0,0.55427619048
1597639620.0,0.0,0.0,-0.44618692997,0.0,0.0,0.55427619048
1597639680.0,0.0,0.0,-0.44618692997,0.0,0.0,0.55427619048
1597639740.0,0.0,0.0,-0.44618692997,0.0,0.0,0.55427619048
1597639800.0,0.0,0.0,-0.44618692997,0.0,0.0,0.55427619048
1597639860.0,0.0,0.0,-0.44618692997,0.0,0.0,0.55427619048
1597639920.0,0.0,0.0,-0.44618692997,0.0,0.0,0.55427619048
1597639980.0,0.0,0.0,-0.44618692997,0.0,0.0,0.55427619048
1597640040.0,0.0,0.0,-0.44618692997,0.0,0.0,0.55427619048
1597640100.0,0.0,0.0,-0.44618692997,0.0,0.0,0.55427619048
1597640160.0,0.0,0.0,-0.44618692997,0.0,0.0,0.55427619048
1597640220.0,0.0,0.0,-0.44618692997,0.0,0.0,0.55427619048
1597640280.0,0.0,0.0,-0.44618692997,0.0,0.0,0.55427619048
1597640340.0,0.0,0.0,-0.44618692997,0.0,0.0,0.55427619048
1597640400.0,0.0,0.0,-0.4378383098,0.0,0.0,0.66626666667
1597640460.0,0.0,0.0,-0.4378383098,0.0,0.0,0.66626666667
1597640520.0,0.0,0.0,-0.4378383098,0.0,0.0,0.66626666667
1597640580.0,0.0,0.0,-0.4378383098,0.0,0.0,0.66626666667
1597640640.0,0.0,0.0,-0.4378383098,0.0,0.0,0.66626666667
1597640700.0,0.0,0.0,-0.4378383098,0.0,0.0,0.66626666667
1597640760.0,0.0,0.0,-0.4378383098,0.0,0.0,0.66626666667
1597640820.0,0.0,0.0,-0.4378383098,0.0,0.0,0.66626666667
1597640880.0,0.0,0.0,-0.4378383098,0.0,0.0,0.66626666667
1597640940.0,0.0,0.0,-0.4378383098,0.0,0.0,0.66626666667
1597641000.0,0.0,0.0,-0.4378383098,0.0,0.0,0.66626666667
1597641060.0,0.0,0.0,-0.4378383098,0.0,0.0,0.66626666667
1597641120.0,0.0,0.0,-0.4378383098,0.0,0.0,0.66626666667
1597641180.0,0.0,0.0,-0.4378383098,0.0,0.0,0.66626666667
1597641240.0,0.0,0.0,-0.4378383098,0.0,0.0,0.66626666667
1597641300.0,0.0,0.0,-0.42945799274,0.0,0.0,0.65073333333
1597641360.0,0.0,0.0,-0.42945799274,0.0,0.0,0.65073333333
1597641420.0,0.0,0.0,-0.42945799274,0.0,0.0,0.65073333333
1597641480.0,0.0,0.0,-0.42945799274,0.0,0.0,0.65073333333
1597641540.0,0.0,0.0,-0.42945799274,0.0,0.0,0.65073333333
1597641600.0,0.0,0.0,-0.42945799274,0.0,0.0,0.65073333333
1597641660.0,0.0,0.0,-0.42945799274,0.0,0.0,0.65073333333
1597641720.0,0.0,0.0,-0.42945799274,0.0,0.0,0.65073333333
1597641780.0,0.0,0.0,-0.42945799274,0.0,0.0,0.65073333333
1597641840.0,0.0,0.0,-0.42945799274,0.0,0.0,0.65073333333
1597641900.0,0.0,0.0,-0.42945799274,0.0,0.0,0.65073333333
1597641960.0,0.0,0.0,-0.42945799274,0.0,0.0,0.65073333333
1597642020.0,0.0,0.0,-0.42945799274,0.0,0.0,0.65073333333
1597642080.0,0.0,0.0,-0.42945799274,0.0,0.0,0.65073333333
1597642140.0,0.0,0.0,-0.42945799274,0.0,0.0,0.65073333333
1597642200.0,0.0,0.0,-0.42096566793,0.0,0.0,0.64091428571
1597642260.0,0.0,0.0,-0.42096566793,0.0,0.0,0.64091428571
1597642320.0,0.0,0.0,-0.42096566793,0.0,0.0,0.64091428571
1597642380.0,0.0,0.0,-0.42096566793,0.0,0.0,0.64091428571
1597642440.0,0.0,0.0,-0.42096566793,0.0,0.0,0.64091428571
1597642500.0,0.0,0.0,-0.42096566793,0.0,0.0,0.64091428571
1597642560.0,0.0,0.0,-0.42096566793,0.0,0.0,0.64091428571
1597642620.0,0.0,0.0,-0.42096566793,0.0,0.0,0.64091428571
1597642680.0,0.0,0.0,-0.42096566793,0.0,0.0,0.64091428571
1597642740.0,0.0,0.0,-0.42096566793,0.0,0.0,0.64091428571
1597642800.0,0.0,0.0,-0.42096566793,0.0,0.0,0.64091428571
1597642860.0,0.0,0.0,-0.42096566793,0.0,0.0,0.64091428571
1597642920.0,0.0,0.0,-0.42096566793,0.0,0.0,0.64091428571
1597642980.0,0.0,0.0,-0.42096566793,0.0,0.0,0.64091428571
1597643040.0,0.0,0.0,-0.42096566793,0.0,0.0,0.64091428571
1597643100.0,0.0,0.0,-0.41247748838,0.0,0.0,0.70706666667
1597643160.0,0.0,0.0,-0.41247748838,0.0,0.0,0.70706666667
1597643220.0,0.0,0.0,-0.41247748838,0.0,0.0,0.70706666667
1597643280.0,0.0,0.0,-0.41247748838,0.0,0.0,0.70706666667
1597643340.0,0.0,0.0,-0.41247748838,0.0,0.0,0.70706666667
1597643400.0,0.0,0.0,-0.41247748838,0.0,0.0,0.70706666667
1597643460.0,0.0,0.0,-0.41247748838,0.0,0.0,0.70706666667
1597643520.0,0.0,0.0,-0.41247748838,0.0,0.0,0.70706666667
1597643580.0,0.0,0.0,-0.41247748838,0.0,0.0,0.70706666667
1597643640.0,0.0,0.0,-0.41247748838,0.0,0.0,0.70706666667
1597643700.0,0.0,0.0,-0.41247748838,0.0,0.0,0.70706666667
1597643760.0,0.0,0.0,-0.41247748838,0.0,0.0,0.70706666667
1597643820.0,0.0,0.0,-0.41247748838,0.0,0.0,0.70706666667
1597643880.0,0.0,0.0,-0.41247748838,0.0,0.0,0.70706666667
1597643940.0,0.0,0.0,-0.41247748838,0.0,0.0,0.70706666667
1597644000.0,0.0,0.0,-0.40474147583,0.0,0.0,0.67765714286
1597644060.0,0.0,0.0,-0.40474147583,0.0,0.0,0.67765714286
1597644120.0,0.0,0.0,-0.40474147583,0.0,0.0,0.67765714286
1597644180.0,0.0,0.0,-0.40474147583,0.0,0.0,0.67765714286
1597644240.0,0.0,0.0,-0.40474147583,0.0,0.0,0.67765714286
1597644300.0,0.0,0.0,-0.40474147583,0.0,0.0,0.67765714286
1597644360.0,0.0,0.0,-0.40474147583,0.0,0.0,0.67765714286
1597644420.0,0.0,0.0,-0.40474147583,0.0,0.0,0.67765714286
1597644480.0,0.0,0.0,-0.40474147583,0.0,0.0,0.67765714286
1597644540.0,0.0,0.0,-0.40474147583,0.0,0.0,0.67765714286
1597644600.0,0.0,0.0,-0.40474147583,0.0,0.0,0.67765714286
1597644660.0,0.0,0.0,-0.40474147583,0.0,0.0,0.67765714286
1597644720.0,0.0,0.0,-0.40474147583,0.0,0.0,0.67765714286
1597644780.0,0.0,0.0,-0.40474147583,0.0,0.0,0.67765714286
1597644840.0,0.0,0.0,-0.40474147583,0.0,0.0,0.67765714286
1597644900.0,0.0,0.0,-0.40052802778,0.0,0.0,0.82427619048
1597644960.0,0.0,0.0,-0.40052802778,0.0,0.0,0.82427619048
1597645020.0,0.0,0.0,-0.40052802778,0.0,0.0,0.82427619048
1597645080.0,0.0,0.0,-0.40052802778,0.0,0.0,0.82427619048
1597645140.0,0.0,0.0,-0.40052802778,0.0,0.0,0.82427619048
1597645200.0,0.0,0.0,-0.40052802778,0.0,0.0,0.82427619048
1597645260.0,0.0,0.0,-0.40052802778,0.0,0.0,0.82427619048
1597645320.0,0.0,0.0,-0.40052802778,0.0,0.0,0.82427619048
1597645380.0,0.0,0.0,-0.40052802778,0.0,0.0,0.82427619048
1597645440.0,0.0,0.0,-0.40052802778,0.0,0.0,0.82427619048
1597645500.0,0.0,0.0,-0.40052802778,0.0,0.0,0.82427619048
1597645560.0,0.0,0.0,-0.40052802778,0.0,0.0,0.82427619048
1597645620.0,0.0,0.0,-0.40052802778,0.0,0.0,0.82427619048
1597645680.0,0.0,0.0,-0.40052802778,0.0,0.0,0.82427619048
1597645740.0,0.0,0.0,-0.40052802778,0.0,0.0,0.82427619048
1597645800.0,0.0,0.0,-0.39727271584,0.0,0.0,0.903
1597645860.0,0.0,0.0,-0.39727271584,0.0,0.0,0.903
1597645920.0,0.0,0.0,-0.39727271584,0.0,0.0,0.903
1597645980.0,0.0,0.0,-0.39727271584,0.0,0.0,0.903
1597646040.0,0.0,0.0,-0.39727271584,0.0,0.0,0.903
1597646100.0,0.0,0.0,-0.39727271584,0.0,0.0,0.903
1597646160.0,0.0,0.0,-0.39727271584,0.0,0.0,0.903
1597646220.0,0.0,0.0,-0.39727271584,0.0,0.0,0.903
1597646280.0,0.0,0.0,-0.39727271584,0.0,0.0,0.903
1597646340.0,0.0,0.0,-0.39727271584,0.0,0.0,0.903
1597646400.0,0.0,0.0,-0.39727271584,0.0,0.0,0.903
1597646460.0,0.0,0.0,-0.39727271584,0.0,0.0,0.903
1597646520.0,0.0,0.0,-0.39727271584,0.0,0.0,0.903
1597646580.0,0.0,0.0,-0.39727271584,0.0,0.0,0.903
1597646640.0,0.0,0.0,-0.39727271584,0.0,0.0,0.903
1597646700.0,0.0,-0.015174808821,-0.39418187425,0.0,0.0,0.93172380952
1597646760.0,0.0,-0.015174808821,-0.39418187425,0.0,0.0,0.93172380952
1597646820.0,0.0,-0.015174808821,-0.39418187425,0.0,0.0,0.93172380952
1597646880.0,0.0,-0.015174808821,-0.39418187425,0.0,0.0,0.93172380952
1597646940.0,0.0,-0.015174808821,-0.39418187425,0.0,0.0,0.93172380952
1597647000.0,0.0,-0.015174808821,-0.39418187425,0.0,0.0,0.93172380952
1597647060.0,0.0,-0.015174808821,-0.39418187425,0.0,0.0,0.93172380952
1597647120.0,0.0,-0.015174808821,-0.39418187425,0.0,0.0,0.93172380952
1597647180.0,0.0,-0.015174808821,-0.39418187425,0.0,0.0,0.93172380952
1597647240.0,0.0,-0.015174808821,-0.39418187425,0.0,0.0,0.93172380952
1597647300.0,0.0,-0.015174808821,-0.39418187425,0.0,0.0,0.93172380952
1597647360.0,0.0,-0.015174808821,-0.39418187425,0.0,0.0,0.93172380952
1597647420.0,0.0,-0.015174808821,-0.39418187425,0.0,0.0,0.93172380952
1597647480.0,0.0,-0.015174808821,-0.39418187425,0.0,0.0,0.93172380952
1597647540.0,0.0,-0.015174808821,-0.39418187425,0.0,0.0,0.93172380952
1597647600.0,0.0,-0.12139847057,-0.39105843477,0.0,4.0,0.83877142857
1597647660.0,0.0,-0.12139847057,-0.39105843477,0.0,4.0,0.83877142857
1597647720.0,0.0,-0.12139847057,-0.39105843477,0.0,4.0,0.83877142857
1597647780.0,0.0,-0.12139847057,-0.39105843477,0.0,4.0,0.83877142857
1597647840.0,0.0,-0.12139847057,-0.39105843477,0.0,4.0,0.83877142857
1597647900.0,0.0,-0.12139847057,-0.39105843477,0.0,4.0,0.83877142857
1597647960.0,0.0,-0.12139847057,-0.39105843477,0.0,4.0,0.83877142857
1597648020.0,0.0,-0.12139847057,-0.39105843477,0.0,4.0,0.83877142857
1597648080.0,0.0,-0.12139847057,-0.39105843477,0.0,4.0,0.83877142857
1597648140.0,0.0,-0.12139847057,-0.39105843477,0.0,4.0,0.83877142857
1597648200.0,0.0,-0.12139847057,-0.39105843477,0.0,4.0,0.83877142857
1597648260.0,0.0,-0.12139847057,-0.39105843477,0.0,4.0,0.83877142857
1597648320.0,0.0,-0.12139847057,-0.39105843477,0.0,4.0,0.83877142857
1597648380.0,0.0,-0.12139847057,-0.39105843477,0.0,4.0,0.83877142857
1597648440.0,0.0,-0.12139847057,-0.39105843477,0.0,4.0,0.83877142857
1597648500.0,0.0,-0.25291348034,-0.38802837274,0.0,4.0,0.99101904762
1597648560.0,0.0,-0.25291348034,-0.38802837274,0.0,4.0,0.99101904762
1597648620.0,0.0,-0.25291348034,-0.38802837274,0.0,4.0,0.99101904762
1597648680.0,0.0,-0.25291348034,-0.38802837274,0.0,4.0,0.99101904762
1597648740.0,0.0,-0.25291348034,-0.38802837274,0.0,4.0,0.99101904762
1597648800.0,0.0,-0.25291348034,-0.38802837274,0.0,4.0,0.99101904762
1597648860.0,0.0,-0.25291348034,-0.38802837274,0.0,4.0,0.99101904762
1597648920.0,0.0,-0.25291348034,-0.38802837274,0.0,4.0,0.99101904762
1597648980.0,0.0,-0.25291348034,-0.38802837274,0.0,4.0,0.99101904762
1597649040.0,0.0,-0.25291348034,-0.38802837274,0.0,4.0,0.99101904762
1597649100.0,0.0,-0.25291348034,-0.38802837274,0.0,4.0,0.99101904762
1597649160.0,0.0,-0.25291348034,-0.38802837274,0.0,4.0,0.99101904762
1597649220.0,0.0,-0.25291348034,-0.38802837274,0.0,4.0,0.99101904762
1597649280.0,0.0,-0.25291348034,-0.38802837274,0.0,4.0,0.99101904762
1597649340.0,0.0,-0.25291348034,-0.38802837274,0.0,4.0,0.99101904762
1597649400.0,0.0,-0.32878752445,-0.38575577187,0.0,4.0,0.9729047619
1597649460.0,0.0,-0.32878752445,-0.38575577187,0.0,4.0,0.9729047619
1597649520.0,0.0,-0.32878752445,-0.38575577187,0.0,4.0,0.9729047619
1597649580.0,0.0,-0.32878752445,-0.38575577187,0.0,4.0,0.9729047619
1597649640.0,0.0,-0.32878752445,-0.38575577187,0.0,4.0,0.9729047619
1597649700.0,0.0,-0.32878752445,-0.38575577187,0.0,4.0,0.9729047619
1597649760.0,0.0,-0.32878752445,-0.38575577187,0.0,4.0,0.9729047619
1597649820.0,0.0,-0.32878752445,-0.38575577187,0.0,4.0,0.9729047619
1597649880.0,0.0,-0.32878752445,-0.38575577187,0.0,4.0,0.9729047619
1597649940.0,0.0,-0.32878752445,-0.38575577187,0.0,4.0,0.9729047619
1597650000.0,0.0,-0.32878752445,-0.38575577187,0.0,4.0,0.9729047619
1597650060.0,0.0,-0.32878752445,-0.38575577187,0.0,4.0,0.9729047619
1597650120.0,0.0,-0.32878752445,-0.38575577187,0.0,4.0,0.9729047619
1597650180.0,0.0,-0.32878752445,-0.38575577187,0.0,4.0,0.9729047619
1597650240.0,0.0,-0.32878752445,-0.38575577187,0.0,4.0,0.9729047619
1597650300.0,0.0,-0.41983637737,-0.3286376305,0.0,4.0,0.85974285714
1597650360.0,0.0,-0.41983637737,-0.3286376305,0.0,4.0,0.85974285714
1597650420.0,0.0,-0.41983637737,-0.3286376305,0.0,4.0,0.85974285714
1597650480.0,0.0,-0.41983637737,-0.3286376305,0.0,4.0,0.85974285714
1597650540.0,0.0,-0.41983637737,-0.3286376305,0.0,4.0,0.85974285714
1597650600.0,0.0,-0.41983637737,-0.3286376305,0.0,4.0,0.85974285714
1597650660.0,0.0,-0.41983637737,-0.3286376305,0.0,4.0,0.85974285714
1597650720.0,0.0,-0.41983637737,-0.3286376305,0.0,4.0,0.85974285714
1597650780.0,0.0,-0.41983637737,-0.3286376305,0.0,4.0,0.85974285714
1597650840.0,0.0,-0.41983637737,-0.3286376305,0.0,4.0,0.85974285714
1597650900.0,0.0,-0.41983637737,-0.3286376305,0.0,4.0,0.85974285714
1597650960.0,0.0,-0.41983637737,-0.3286376305,0.0,4.0,0.85974285714
1597651020.0,0.0,-0.41983637737,-0.3286376305,0.0,4.0,0.85974285714
1597651080.0,0.0,-0.41983637737,-0.3286376305,0.0,4.0,0.85974285714
1597651140.0,0.0,-0.41983637737,-0.3286376305,0.0,4.0,0.85974285714
1597651200.0,0.0,-0.48053561265,-0.15323349423,0.0,4.0,0.72973333333
1597651260.0,0.0,-0.48053561265,-0.15323349423,0.0,4.0,0.72973333333
1597651320.0,0.0,-0.48053561265,-0.15323349423,0.0,4.0,0.72973333333
1597651380.0,0.0,-0.48053561265,-0.15323349423,0.0,4.0,0.72973333333
1597651440.0,0.0,-0.48053561265,-0.15323349423,0.0,4.0,0.72973333333
1597651500.0,0.0,-0.48053561265,-0.15323349423,0.0,4.0,0.72973333333
1597651560.0,0.0,-0.48053561265,-0.15323349423,0.0,4.0,0.72973333333
1597651620.0,0.0,-0.48053561265,-0.15323349423,0.0,4.0,0.72973333333
1597651680.0,0.0,-0.48053561265,-0.15323349423,0.0,4.0,0.72973333333
1597651740.0,0.0,-0.48053561265,-0.15323349423,0.0,4.0,0.72973333333
1597651800.0,0.0,-0.48053561265,-0.15323349423,0.0,4.0,0.72973333333
1597651860.0,0.0,-0.48053561265,-0.15323349423,0.0,4.0,0.72973333333
1597651920.0,0.0,-0.48053561265,-0.15323349423,0.0,4.0,0.72973333333
1597651980.0,0.0,-0.48053561265,-0.15323349423,0.0,4.0,0.72973333333
1597652040.0,0.0,-0.48053561265,-0.15323349423,0.0,4.0,0.72973333333
1597652100.0,0.0,-0.8093231371,0.095332660911,0.0,4.0,0.71399047619
1597652160.0,0.0,-0.8093231371,0.095332660911,0.0,4.0,0.71399047619
1597652220.0,0.0,-0.8093231371,0.095332660911,0.0,4.0,0.71399047619
1597652280.0,0.0,-0.8093231371,0.095332660911,0.0,4.0,0.71399047619
1597652340.0,0.0,-0.8093231371,0.095332660911,0.0,4.0,0.71399047619
1597652400.0,0.0,-0.8093231371,0.095332660911,0.0,4.0,0.71399047619
1597652460.0,0.0,-0.8093231371,0.095332660911,0.0,4.0,0.71399047619
1597652520.0,0.0,-0.8093231371,0.095332660911,0.0,4.0,0.71399047619
1597652580.0,0.0,-0.8093231371,0.095332660911,0.0,4.0,0.71399047619
1597652640.0,0.0,-0.8093231371,0.095332660911,0.0,4.0,0.71399047619
1597652700.0,0.0,-0.8093231371,0.095332660911,0.0,4.0,0.71399047619
1597652760.0,0.0,-0.8093231371,0.095332660911,0.0,4.0,0.71399047619
1597652820.0,0.0,-0.8093231371,0.095332660911,0.0,4.0,0.71399047619
1597652880.0,0.0,-0.8093231371,0.095332660911,0.0,4.0,0.71399047619
1597652940.0,0.0,-0.8093231371,0.095332660911,0.0,4.0,0.71399047619
1597653000.0,0.0,-1.7805109016,0.99822518734,0.0,4.0,0.78228571429
1597653060.0,0.0,-1.7805109016,0.99822518734,0.0,4.0,0.78228571429
1597653120.0,0.0,-1.7805109016,0.99822518734,0.0,4.0,0.78228571429
1597653180.0,0.0,-1.7805109016,0.99822518734,0.0,4.0,0.78228571429
1597653240.0,0.0,-1.7805109016,0.99822518734,0.0,4.0,0.78228571429
1597653300.0,0.0,-1.7805109016,0.99822518734,0.0,4.0,0.78228571429
1597653360.0,0.0,-1.7805109016,0.99822518734,0.0,4.0,0.78228571429
1597653420.0,0.0,-1.7805109016,0.99822518734,0.0,4.0,0.78228571429
1597653480.0,0.0,-1.7805109016,0.99822518734,0.0,4.0,0.78228571429
1597653540.0,0.0,-1.7805109016,0.99822518734,0.0,4.0,0.78228571429
1597653600.0,0.0,-1.7805109016,0.99822518734,0.0,4.0,0.78228571429
1597653660.0,0.0,-1.7805109016,0.99822518734,0.0,4.0,0.78228571429
1597653720.0,0.0,-1.7805109016,0.99822518734,0.0,4.0,0.78228571429
1597653780.0,0.0,-1.7805109016,0.99822518734,0.0,4.0,0.78228571429
1597653840.0,0.0,-1.7805109016,0.99822518734,0.0,4.0,0.78228571429
1597653900.0,0.0,-1.2392760537,0.46527605369,0.0,4.0,0.774
1597653960.0,0.0,-1.2392760537,0.46527605369,0.0,4.0,0.774
1597654020.0,0.0,-1.2392760537,0.46527605369,0.0,4.0,0.774
1597654080.0,0.0,-1.2392760537,0.46527605369,0.0,4.0,0.774
1597654140.0,0.0,-1.2392760537,0.46527605369,0.0,4.0,0.774
1597654200.0,0.0,-1.2392760537,0.46527605369,0.0,4.0,0.774
1597654260.0,0.0,-1.2392760537,0.46527605369,0.0,4.0,0.774
1597654320.0,0.0,-1.2392760537,0.46527605369,0.0,4.0,0.774
1597654380.0,0.0,-1.2392760537,0.46527605369,0.0,4.0,0.774
1597654440.0,0.0,-1.2392760537,0.46527605369,0.0,4.0,0.774
1597654500.0,0.0,-1.2392760537,0.46527605369,0.0,4.0,0.774
1597654560.0,0.0,-1.2392760537,0.46527605369,0.0,4.0,0.774
1597654620.0,0.0,-1.2392760537,0.46527605369,0.0,4.0,0.774
1597654680.0,0.0,-1.2392760537,0.46527605369,0.0,4.0,0.774
1597654740.0,0.0,-1.2392760537,0.46527605369,0.0,4.0,0.774
1597654800.0,0.0,-1.2139847057,0.23530851518,0.0,0.0,0.97867619048
1597654860.0,0.0,-1.2139847057,0.23530851518,0.0,0.0,0.97867619048
1597654920.0,0.0,-1.2139847057,0.23530851518,0.0,0.0,0.97867619048
1597654980.0,0.0,-1.2139847057,0.23530851518,0.0,0.0,0.97867619048
1597655040.0,0.0,-1.2139847057,0.23530851518,0.0,0.0,0.97867619048
1597655100.0,0.0,-1.2139847057,0.23530851518,0.0,0.0,0.97867619048
1597655160.0,0.0,-1.2139847057,0.23530851518,0.0,0.0,0.97867619048
1597655220.0,0.0,-1.2139847057,0.23530851518,0.0,0.0,0.97867619048
1597655280.0,0.0,-1.2139847057,0.23530851518,0.0,0.0,0.97867619048
1597655340.0,0.0,-1.2139847057,0.23530851518,0.0,0.0,0.97867619048
1597655400.0,0.0,-1.2139847057,0.23530851518,0.0,0.0,0.97867619048
1597655460.0,0.0,-1.2139847057,0.23530851518,0.0,0.0,0.97867619048
1597655520.0,0.0,-1.2139847057,0.23530851518,0.0,0.0,0.97867619048
1597655580.0,0.0,-1.2139847057,0.23530851518,0.0,0.0,0.97867619048
1597655640.0,0.0,-1.2139847057,0.23530851518,0.0,0.0,0.97867619048
1597655700.0,2.0,-1.208926436,-0.062586914945,0.0,0.0,0.97561904762
1597655760.0,2.0,-1.208926436,-0.062586914945,0.0,0.0,0.97561904762
1597655820.0,2.0,-1.208926436,-0.062586914945,0.0,0.0,0.97561904762
1597655880.0,2.0,-1.208926436,-0.062586914945,0.0,0.0,0.97561904762
1597655940.0,2.0,-1.208926436,-0.062586914945,0.0,0.0,0.97561904762
1597656000.0,2.0,-1.208926436,-0.062586914945,0.0,0.0,0.97561904762
1597656060.0,2.0,-1.208926436,-0.062586914945,0.0,0.0,0.97561904762
1597656120.0,2.0,-1.208926436,-0.062586914945,0.0,0.0,0.97561904762
1597656180.0,2.0,-1.208926436,-0.062586914945,0.0,0.0,0.97561904762
1597656240.0,2.0,-1.208926436,-0.062586914945,0.0,0.0,0.97561904762
1597656300.0,2.0,-1.208926436,-0.062586914945,0.0,0.0,0.97561904762
1597656360.0,2.0,-1.208926436,-0.062586914945,0.0,0.0,0.97561904762
1597656420.0,2.0,-1.208926436,-0.062586914945,0.0,0.0,0.97561904762
1597656480.0,2.0,-1.208926436,-0.062586914945,0.0,0.0,0.97561904762
1597656540.0,2.0,-1.208926436,-0.062586914945,0.0,0.0,0.97561904762
1597656600.0,2.0,-2.1497645829,-0.062586914945,0.0,0.0,0.89097142857
1597656660.0,2.0,-2.1497645829,-0.062586914945,0.0,0.0,0.89097142857
1597656720.0,2.0,-2.1497645829,-0.062586914945,0.0,0.0,0.89097142857
1597656780.0,2.0,-2.1497645829,-0.062586914945,0.0,0.0,0.89097142857
1597656840.0,2.0,-2.1497645829,-0.062586914945,0.0,0.0,0.89097142857
1597656900.0,2.0,-2.1497645829,-0.062586914945,0.0,0.0,0.89097142857
1597656960.0,2.0,-2.1497645829,-0.062586914945,0.0,0.0,0.89097142857
1597657020.0,2.0,-2.1497645829,-0.062586914945,0.0,0.0,0.89097142857
1597657080.0,2.0,-2.1497645829,-0.062586914945,0.0,0.0,0.89097142857
1597657140.0,2.0,-2.1497645829,-0.062586914945,0.0,0.0,0.89097142857
1597657200.0,2.0,-2.1497645829,-0.062586914945,0.0,0.0,0.89097142857
1597657260.0,2.0,-2.1497645829,-0.062586914945,0.0,0.0,0.89097142857
1597657320.0,2.0,-2.1497645829,-0.062586914945,0.0,0.0,0.89097142857
1597657380.0,2.0,-2.1497645829,-0.062586914945,0.0,0.0,0.89097142857
1597657440.0,2.0,-2.1497645829,-0.062586914945,0.0,0.0,0.89097142857
1597657500.0,2.0,-1.3960824115,-0.062586914945,0.0,0.0,0.93812380952
1597657560.0,2.0,-1.3960824115,-0.062586914945,0.0,0.0,0.93812380952
1597657620.0,2.0,-1.3960824115,-0.062586914945,0.0,0.0,0.93812380952
1597657680.0,2.0,-1.3960824115,-0.062586914945,0.0,0.0,0.93812380952
1597657740.0,2.0,-1.3960824115,-0.062586914945,0.0,0.0,0.93812380952
1597657800.0,2.0,-1.3960824115,-0.062586914945,0.0,0.0,0.93812380952
1597657860.0,2.0,-1.3960824115,-0.062586914945,0.0,0.0,0.93812380952
1597657920.0,2.0,-1.3960824115,-0.062586914945,0.0,0.0,0.93812380952
1597657980.0,2.0,-1.3960824115,-0.062586914945,0.0,0.0,0.93812380952
1597658040.0,2.0,-1.3960824115,-0.062586914945,0.0,0.0,0.93812380952
1597658100.0,2.0,-1.3960824115,-0.062586914945,0.0,0.0,0.93812380952
1597658160.0,2.0,-1.3960824115,-0.062586914945,0.0,0.0,0.93812380952
1597658220.0,2.0,-1.3960824115,-0.062586914945,0.0,0.0,0.93812380952
1597658280.0,2.0,-1.3960824115,-0.062586914945,0.0,0.0,0.93812380952
1597658340.0,2.0,-1.3960824115,-0.062586914945,0.0,0.0,0.93812380952
1597658400.0,2.0,-1.5680635781,-0.062586914945,0.0,0.0,0.94607619048
1597658460.0,2.0,-1.5680635781,-0.062586914945,0.0,0.0,0.94607619048
1597658520.0,2.0,-1.5680635781,-0.062586914945,0.0,0.0,0.94607619048
1597658580.0,2.0,-1.5680635781,-0.062586914945,0.0,0.0,0.94607619048
1597658640.0,2.0,-1.5680635781,-0.062586914945,0.0,0.0,0.94607619048
1597658700.0,2.0,-1.5680635781,-0.062586914945,0.0,0.0,0.94607619048
1597658760.0,2.0,-1.5680635781,-0.062586914945,0.0,0.0,0.94607619048
1597658820.0,2.0,-1.5680635781,-0.062586914945,0.0,0.0,0.94607619048
1597658880.0,2.0,-1.5680635781,-0.062586914945,0.0,0.0,0.94607619048
1597658940.0,2.0,-1.5680635781,-0.062586914945,0.0,0.0,0.94607619048
1597659000.0,2.0,-1.5680635781,-0.062586914945,0.0,0.0,0.94607619048
1597659060.0,2.0,-1.5680635781,-0.062586914945,0.0,0.0,0.94607619048
1597659120.0,2.0,-1.5680635781,-0.062586914945,0.0,0.0,0.94607619048
1597659180.0,2.0,-1.5680635781,-0.062586914945,0.0,0.0,0.94607619048
1597659240.0,2.0,-1.5680635781,-0.062586914945,0.0,0.0,0.94607619048
1597659300.0,2.0,-1.299975289,-0.062586914945,0.0,0.0,0.87396190476
1597659360.0,2.0,-1.299975289,-0.062586914945,0.0,0.0,0.87396190476
1597659420.0,2.0,-1.299975289,-0.062586914945,0.0,0.0,0.87396190476
1597659480.0,2.0,-1.299975289,-0.062586914945,0.0,0.0,0.87396190476
1597659540.0,2.0,-1.299975289,-0.062586914945,0.0,0.0,0.87396190476
1597659600.0,2.0,-1.299975289,-0.062586914945,0.0,0.0,0.87396190476
1597659660.0,2.0,-1.299975289,-0.062586914945,0.0,0.0,0.87396190476
1597659720.0,2.0,-1.299975289,-0.062586914945,0.0,0.0,0.87396190476
1597659780.0,2.0,-1.299975289,-0.062586914945,0.0,0.0,0.87396190476
1597659840.0,2.0,-1.299975289,-0.062586914945,0.0,0.0,0.87396190476
1597659900.0,2.0,-1.299975289,-0.062586914945,0.0,0.0,0.87396190476
1597659960.0,2.0,-1.299975289,-0.062586914945,0.0,0.0,0.87396190476
1597660020.0,2.0,-1.299975289,-0.062586914945,0.0,0.0,0.87396190476
1597660080.0,2.0,-1.299975289,-0.062586914945,0.0,0.0,0.87396190476
1597660140.0,2.0,-1.299975289,-0.062586914945,0.0,0.0,0.87396190476
1597660200.0,2.0,-2.1851724702,-0.062586914945,0.0,0.0,0.9184952381
1597660260.0,2.0,-2.1851724702,-0.062586914945,0.0,0.0,0.9184952381
1597660320.0,2.0,-2.1851724702,-0.062586914945,0.0,0.0,0.9184952381
1597660380.0,2.0,-2.1851724702,-0.062586914945,0.0,0.0,0.9184952381
1597660440.0,2.0,-2.1851724702,-0.062586914945,0.0,0.0,0.9184952381
1597660500.0,2.0,-2.1851724702,-0.062586914945,0.0,0.0,0.9184952381
1597660560.0,2.0,-2.1851724702,-0.062586914945,0.0,0.0,0.9184952381
1597660620.0,2.0,-2.1851724702,-0.062586914945,0.0,0.0,0.9184952381
1597660680.0,2.0,-2.1851724702,-0.062586914945,0.0,0.0,0.9184952381
1597660740.0,2.0,-2.1851724702,-0.062586914945,0.0,0.0,0.9184952381
1597660800.0,2.0,-2.1851724702,-0.062586914945,0.0,0.0,0.9184952381
1597660860.0,2.0,-2.1851724702,-0.062586914945,0.0,0.0,0.9184952381
1597660920.0,2.0,-2.1851724702,-0.062586914945,0.0,0.0,0.9184952381
1597660980.0,2.0,-2.1851724702,-0.062586914945,0.0,0.0,0.9184952381
1597661040.0,2.0,-2.1851724702,-0.062586914945,0.0,0.0,0.9184952381
1597661100.0,2.0,-3.5,0.5360954381,0.0,0.0,0.99422857143
1597661160.0,2.0,-3.5,0.5360954381,0.0,0.0,0.99422857143
1597661220.0,2.0,-3.5,0.5360954381,0.0,0.0,0.99422857143
1597661280.0,2.0,-3.5,0.5360954381,0.0,0.0,0.99422857143
1597661340.0,2.0,-3.5,0.5360954381,0.0,0.0,0.99422857143
1597661400.0,2.0,-3.5,0.5360954381,0.0,0.0,0.99422857143
1597661460.0,2.0,-3.5,0.5360954381,0.0,0.0,0.99422857143
1597661520.0,2.0,-3.5,0.5360954381,0.0,0.0,0.99422857143
1597661580.0,2.0,-3.5,0.5360954381,0.0,0.0,0.99422857143
1597661640.0,2.0,-3.5,0.5360954381,0.0,0.0,0.99422857143
1597661700.0,2.0,-3.5,0.5360954381,0.0,0.0,0.99422857143
1597661760.0,2.0,-3.5,0.5360954381,0.0,0.0,0.99422857143
1597661820.0,2.0,-3.5,0.5360954381,0.0,0.0,0.99422857143
1597661880.0,2.0,-3.5,0.5360954381,0.0,0.0,0.99422857143
1597661940.0,2.0,-3.5,0.5360954381,0.0,0.0,0.99422857143
1597662000.0,0.0,-2.5240765338,1.3311622481,0.0,0.0,1.1929142857
1597662060.0,0.0,-2.5240765338,1.3311622481,0.0,0.0,1.1929142857
1597662120.0,0.0,-2.5240765338,1.3311622481,0.0,0.0,1.1929142857
1597662180.0,0.0,-2.5240765338,1.3311622481,0.0,0.0,1.1929142857
1597662240.0,0.0,-2.5240765338,1.3311622481,0.0,0.0,1.1929142857
1597662300.0,0.0,-2.5240765338,1.3311622481,0.0,0.0,1.1929142857
1597662360.0,0.0,-2.5240765338,1.3311622481,0.0,0.0,1.1929142857
1597662420.0,0.0,-2.5240765338,1.3311622481,0.0,0.0,1.1929142857
1597662480.0,0.0,-2.5240765338,1.3311622481,0.0,0.0,1.1929142857
1597662540.0,0.0,-2.5240765338,1.3311622481,0.0,0.0,1.1929142857
1597662600.0,0.0,-2.5240765338,1.3311622481,0.0,0.0,1.1929142857
1597662660.0,0.0,-2.5240765338,1.3311622481,0.0,0.0,1.1929142857
1597662720.0,0.0,-2.5240765338,1.3311622481,0.0,0.0,1.1929142857
1597662780.0,0.0,-2.5240765338,1.3311622481,0.0,0.0,1.1929142857
1597662840.0,0.0,-2.5240765338,1.3311622481,0.0,0.0,1.1929142857
1597662900.0,0.0,-2.1598811221,1.3311622481,0.0,0.0,1.056047619
1597662960.0,0.0,-2.1598811221,1.3311622481,0.0,0.0,1.056047619
1597663020.0,0.0,-2.1598811221,1.3311622481,0.0,0.0,1.056047619
1597663080.0,0.0,-2.1598811221,1.3311622481,0.0,0.0,1.056047619
1597663140.0,0.0,-2.1598811221,1.3311622481,0.0,0.0,1.056047619
1597663200.0,0.0,-2.1598811221,1.3311622481,0.0,0.0,1.056047619
1597663260.0,0.0,-2.1598811221,1.3311622481,0.0,0.0,1.056047619
1597663320.0,0.0,-2.1598811221,1.3311622481,0.0,0.0,1.056047619
1597663380.0,0.0,-2.1598811221,1.3311622481,0.0,0.0,1.056047619
1597663440.0,0.0,-2.1598811221,1.3311622481,0.0,0.0,1.056047619
1597663500.0,0.0,-2.1598811221,1.3311622481,0.0,0.0,1.056047619
1597663560.0,0.0,-2.1598811221,1.3311622481,0.0,0.0,1.056047619
1597663620.0,0.0,-2.1598811221,1.3311622481,0.0,0.0,1.056047619
1597663680.0,0.0,-2.1598811221,1.3311622481,0.0,0.0,1.056047619
1597663740.0,0.0,-2.1598811221,1.3311622481,0.0,0.0,1.056047619
1597663800.0,0.0,-2.1801142006,1.3311622481,0.0,0.0,1.0675714286
1597663860.0,0.0,-2.1801142006,1.3311622481,0.0,0.0,1.0675714286
1597663920.0,0.0,-2.1801142006,1.3311622481,0.0,0.0,1.0675714286
1597663980.0,0.0,-2.1801142006,1.3311622481,0.0,0.0,1.0675714286
1597664040.0,0.0,-2.1801142006,1.3311622481,0.0,0.0,1.0675714286
1597664100.0,0.0,-2.1801142006,1.3311622481,0.0,0.0,1.0675714286
1597664160.0,0.0,-2.1801142006,1.3311622481,0.0,0.0,1.0675714286
1597664220.0,0.0,-2.1801142006,1.3311622481,0.0,0.0,1.0675714286
1597664280.0,0.0,-2.1801142006,1.3311622481,0.0,0.0,1.0675714286
1597664340.0,0.0,-2.1801142006,1.3311622481,0.0,0.0,1.0675714286
1597664400.0,0.0,-2.1801142006,1.3311622481,0.0,0.0,1.0675714286
1597664460.0,0.0,-2.1801142006,1.3311622481,0.0,0.0,1.0675714286
1597664520.0,0.0,-2.1801142006,1.3311622481,0.0,0.0,1.0675714286
1597664580.0,0.0,-2.1801142006,1.3311622481,0.0,0.0,1.0675714286
1597664640.0,0.0,-2.1801142006,1.3311622481,0.0,0.0,1.0675714286
1597664700.0,0.0,-3.5,2.4139904762,0.0,0.0,1.0860095238
1597664760.0,0.0,-3.5,2.4139904762,0.0,0.0,1.0860095238
1597664820.0,0.0,-3.5,2.4139904762,0.0,0.0,1.0860095238
1597664880.0,0.0,-3.5,2.4139904762,0.0,0.0,1.0860095238
1597664940.0,0.0,-3.5,2.4139904762,0.0,0.0,1.0860095238
1597665000.0,0.0,-3.5,2.4139904762,0.0,0.0,1.0860095238
1597665060.0,0.0,-3.5,2.4139904762,0.0,0.0,1.0860095238
1597665120.0,0.0,-3.5,2.4139904762,0.0,0.0,1.0860095238
1597665180.0,0.0,-3.5,2.4139904762,0.0,0.0,1.0860095238
1597665240.0,0.0,-3.5,2.4139904762,0.0,0.0,1.0860095238
1597665300.0,0.0,-3.5,2.4139904762,0.0,0.0,1.0860095238
1597665360.0,0.0,-3.5,2.4139904762,0.0,0.0,1.0860095238
1597665420.0,0.0,-3.5,2.4139904762,0.0,0.0,1.0860095238
1597665480.0,0.0,-3.5,2.4139904762,0.0,0.0,1.0860095238
1597665540.0,0.0,-3.5,2.4139904762,0.0,0.0,1.0860095238
1597665600.0,0.0,-2.8376892495,1.9048343601,0.0,0.0,1.033
1597665660.0,0.0,-2.8376892495,1.9048343601,0.0,0.0,1.033
1597665720.0,0.0,-2.8376892495,1.9048343601,0.0,0.0,1.033
1597665780.0,0.0,-2.8376892495,1.9048343601,0.0,0.0,1.033
1597665840.0,0.0,-2.8376892495,1.9048343601,0.0,0.0,1.033
1597665900.0,0.0,-2.8376892495,1.9048343601,0.0,0.0,1.033
1597665960.0,0.0,-2.8376892495,1.9048343601,0.0,0.0,1.033
1597666020.0,0.0,-2.8376892495,1.9048343601,0.0,0.0,1.033
1597666080.0,0.0,-2.8376892495,1.9048343601,0.0,0.0,1.033
1597666140.0,0.0,-2.8376892495,1.9048343601,0.0,0.0,1.033
1597666200.0,0.0,-2.8376892495,1.9048343601,0.0,0.0,1.033
1597666260.0,0.0,-2.8376892495,1.9048343601,0.0,0.0,1.033
1597666320.0,0.0,-2.8376892495,1.9048343601,0.0,0.0,1.033
1597666380.0,0.0,-2.8376892495,1.9048343601,0.0,0.0,1.033
1597666440.0,0.0,-2.8376892495,1.9048343601,0.0,0.0,1.033
1597666500.0,0.0,-2.8478057887,1.9048343601,0.0,0.0,0.94297142857
1597666560.0,0.0,-2.8478057887,1.9048343601,0.0,0.0,0.94297142857
1597666620.0,0.0,-2.8478057887,1.9048343601,0.0,0.0,0.94297142857
1597666680.0,0.0,-2.8478057887,1.9048343601,0.0,0.0,0.94297142857
1597666740.0,0.0,-2.8478057887,1.9048343601,0.0,0.0,0.94297142857
1597666800.0,0.0,-2.8478057887,1.9048343601,0.0,0.0,0.94297142857
1597666860.0,0.0,-2.8478057887,1.9048343601,0.0,0.0,0.94297142857
1597666920.0,0.0,-2.8478057887,1.9048343601,0.0,0.0,0.94297142857
1597666980.0,0.0,-2.8478057887,1.9048343601,0.0,0.0,0.94297142857
1597667040.0,0.0,-2.8478057887,1.9048343601,0.0,0.0,0.94297142857
1597667100.0,0.0,-2.8478057887,1.9048343601,0.0,0.0,0.94297142857
1597667160.0,0.0,-2.8478057887,1.9048343601,0.0,0.0,0.94297142857
1597667220.0,0.0,-2.8478057887,1.9048343601,0.0,0.0,0.94297142857
1597667280.0,0.0,-2.8478057887,1.9048343601,0.0,0.0,0.94297142857
1597667340.0,0.0,-2.8478057887,1.9048343601,0.0,0.0,0.94297142857
1597667400.0,2.0,-3.5,1.9048343601,0.0,0.0,0.94865714286
1597667460.0,2.0,-3.5,1.9048343601,0.0,0.0,0.94865714286
1597667520.0,2.0,-3.5,1.9048343601,0.0,0.0,0.94865714286
1597667580.0,2.0,-3.5,1.9048343601,0.0,0.0,0.94865714286
1597667640.0,2.0,-3.5,1.9048343601,0.0,0.0,0.94865714286
1597667700.0,2.0,-3.5,1.9048343601,0.0,0.0,0.94865714286
1597667760.0,2.0,-3.5,1.9048343601,0.0,0.0,0.94865714286
1597667820.0,2.0,-3.5,1.9048343601,0.0,0.0,0.94865714286
1597667880.0,2.0,-3.5,1.9048343601,0.0,0.0,0.94865714286
1597667940.0,2.0,-3.5,1.9048343601,0.0,0.0,0.94865714286
1597668000.0,2.0,-3.5,1.9048343601,0.0,0.0,0.94865714286
1597668060.0,2.0,-3.5,1.9048343601,0.0,0.0,0.94865714286
1597668120.0,2.0,-3.5,1.9048343601,0.0,0.0,0.94865714286
1597668180.0,2.0,-3.5,1.9048343601,0.0,0.0,0.94865714286
1597668240.0,2.0,-3.5,1.9048343601,0.0,0.0,0.94865714286
1597668300.0,2.0,-3.0197869553,1.9048343601,0.0,0.0,0.94514285714
1597668360.0,2.0,-3.0197869553,1.9048343601,0.0,0.0,0.94514285714
1597668420.0,2.0,-3.0197869553,1.9048343601,0.0,0.0,0.94514285714
1597668480.0,2.0,-3.0197869553,1.9048343601,0.0,0.0,0.94514285714
1597668540.0,2.0,-3.0197869553,1.9048343601,0.0,0.0,0.94514285714
1597668600.0,2.0,-3.0197869553,1.9048343601,0.0,0.0,0.94514285714
1597668660.0,2.0,-3.0197869553,1.9048343601,0.0,0.0,0.94514285714
1597668720.0,2.0,-3.0197869553,1.9048343601,0.0,0.0,0.94514285714
1597668780.0,2.0,-3.0197869553,1.9048343601,0.0,0.0,0.94514285714
1597668840.0,2.0,-3.0197869553,1.9048343601,0.0,0.0,0.94514285714
1597668900.0,2.0,-3.0197869553,1.9048343601,0.0,0.0,0.94514285714
1597668960.0,2.0,-3.0197869553,1.9048343601,0.0,0.0,0.94514285714
1597669020.0,2.0,-3.0197869553,1.9048343601,0.0,0.0,0.94514285714
1597669080.0,2.0,-3.0197869553,1.9048343601,0.0,0.0,0.94514285714
1597669140.0,2.0,-3.0197869553,1.9048343601,0.0,0.0,0.94514285714
1597669200.0,2.0,-3.5,1.9048343601,0.0,0.0,0.81788571429
1597669260.0,2.0,-3.5,1.9048343601,0.0,0.0,0.81788571429
1597669320.0,2.0,-3.5,1.9048343601,0.0,0.0,0.81788571429
1597669380.0,2.0,-3.5,1.9048343601,0.0,0.0,0.81788571429
1597669440.0,2.0,-3.5,1.9048343601,0.0,0.0,0.81788571429
1597669500.0,2.0,-3.5,1.9048343601,0.0,0.0,0.81788571429
1597669560.0,2.0,-3.5,1.9048343601,0.0,0.0,0.81788571429
1597669620.0,2.0,-3.5,1.9048343601,0.0,0.0,0.81788571429
1597669680.0,2.0,-3.5,1.9048343601,0.0,0.0,0.81788571429
1597669740.0,2.0,-3.5,1.9048343601,0.0,0.0,0.81788571429
1597669800.0,2.0,-3.5,1.9048343601,0.0,0.0,0.81788571429
1597669860.0,2.0,-3.5,1.9048343601,0.0,0.0,0.81788571429
1597669920.0,2.0,-3.5,1.9048343601,0.0,0.0,0.81788571429
1597669980.0,2.0,-3.5,1.9048343601,0.0,0.0,0.81788571429
1597670040.0,2.0,-3.5,1.9048343601,0.0,0.0,0.81788571429
1597670100.0,2.0,-3.5,1.9048343601,0.0,0.0,0.83935238095
1597670160.0,2.0,-3.5,1.9048343601,0.0,0.0,0.83935238095
1597670220.0,2.0,-3.5,1.9048343601,0.0,0.0,0.83935238095
1597670280.0,2.0,-3.5,1.9048343601,0.0,0.0,0.83935238095
1597670340.0,2.0,-3.5,1.9048343601,0.0,0.0,0.83935238095
1597670400.0,2.0,-3.5,1.9048343601,0.0,0.0,0.83935238095
1597670460.0,2.0,-3.5,1.9048343601,0.0,0.0,0.83935238095
1597670520.0,2.0,-3.5,1.9048343601,0.0,0.0,0.83935238095
1597670580.0,2.0,-3.5,1.9048343601,0.0,0.0,0.83935238095
1597670640.0,2.0,-3.5,1.9048343601,0.0,0.0,0.83935238095
1597670700.0,2.0,-3.5,1.9048343601,0.0,0.0,0.83935238095
1597670760.0,2.0,-3.5,1.9048343601,0.0,0.0,0.83935238095
1597670820.0,2.0,-3.5,1.9048343601,0.0,0.0,0.83935238095
1597670880.0,2.0,-3.5,1.9048343601,0.0,0.0,0.83935238095
1597670940.0,2.0,-3.5,1.9048343601,0.0,0.0,0.83935238095
1597671000.0,2.0,-3.5,1.9048343601,0.0,0.0,0.8870952381
1597671060.0,2.0,-3.5,1.9048343601,0.0,0.0,0.8870952381
1597671120.0,2.0,-3.5,1.9048343601,0.0,0.0,0.8870952381
1597671180.0,2.0,-3.5,1.9048343601,0.0,0.0,0.8870952381
1597671240.0,2.0,-3.5,1.9048343601,0.0,0.0,0.8870952381
1597671300.0,2.0,-3.5,1.9048343601,0.0,0.0,0.8870952381
1597671360.0,2.0,-3.5,1.9048343601,0.0,0.0,0.8870952381
1597671420.0,2.0,-3.5,1.9048343601,0.0,0.0,0.8870952381
1597671480.0,2.0,-3.5,1.9048343601,0.0,0.0,0.8870952381
1597671540.0,2.0,-3.5,1.9048343601,0.0,0.0,0.8870952381
1597671600.0,2.0,-3.5,1.9048343601,0.0,0.0,0.8870952381
1597671660.0,2.0,-3.5,1.9048343601,0.0,0.0,0.8870952381
1597671720.0,2.0,-3.5,1.9048343601,0.0,0.0,0.8870952381
1597671780.0,2.0,-3.5,1.9048343601,0.0,0.0,0.8870952381
1597671840.0,2.0,-3.5,1.9048343601,0.0,0.0,0.8870952381
1597671900.0,2.0,-3.5,1.9048343601,0.0,0.0,0.91803809524
1597671960.0,2.0,-3.5,1.9048343601,0.0,0.0,0.91803809524
1597672020.0,2.0,-3.5,1.9048343601,0.0,0.0,0.91803809524
1597672080.0,2.0,-3.5,1.9048343601,0.0,0.0,0.91803809524
1597672140.0,2.0,-3.5,1.9048343601,0.0,0.0,0.91803809524
1597672200.0,2.0,-3.5,1.9048343601,0.0,0.0,0.91803809524
1597672260.0,2.0,-3.5,1.9048343601,0.0,0.0,0.91803809524
1597672320.0,2.0,-3.5,1.9048343601,0.0,0.0,0.91803809524
1597672380.0,2.0,-3.5,1.9048343601,0.0,0.0,0.91803809524
1597672440.0,2.0,-3.5,1.9048343601,0.0,0.0,0.91803809524
1597672500.0,2.0,-3.5,1.9048343601,0.0,0.0,0.91803809524
1597672560.0,2.0,-3.5,1.9048343601,0.0,0.0,0.91803809524
1597672620.0,2.0,-3.5,1.9048343601,0.0,0.0,0.91803809524
1597672680.0,2.0,-3.5,1.9048343601,0.0,0.0,0.91803809524
1597672740.0,2.0,-3.5,1.9048343601,0.0,0.0,0.91803809524
1597672800.0,0.0,-3.5,2.360247619,0.0,0.0,1.139752381
1597672860.0,0.0,-3.5,2.360247619,0.0,0.0,1.139752381
1597672920.0,0.0,-3.5,2.360247619,0.0,0.0,1.139752381
1597672980.0,0.0,-3.5,2.360247619,0.0,0.0,1.139752381
1597673040.0,0.0,-3.5,2.360247619,0.0,0.0,1.139752381
1597673100.0,0.0,-3.5,2.360247619,0.0,0.0,1.139752381
1597673160.0,0.0,-3.5,2.360247619,0.0,0.0,1.139752381
1597673220.0,0.0,-3.5,2.360247619,0.0,0.0,1.139752381
1597673280.0,0.0,-3.5,2.360247619,0.0,0.0,1.139752381
1597673340.0,0.0,-3.5,2.360247619,0.0,0.0,1.139752381
1597673400.0,0.0,-3.5,2.360247619,0.0,0.0,1.139752381
1597673460.0,0.0,-3.5,2.360247619,0.0,0.0,1.139752381
1597673520.0,0.0,-3.5,2.360247619,0.0,0.0,1.139752381
1597673580.0,0.0,-3.5,2.360247619,0.0,0.0,1.139752381
1597673640.0,0.0,-3.5,2.360247619,0.0,0.0,1.139752381
1597673700.0,0.0,-3.5,2.3885333333,0.0,0.0,1.1114666667
1597673760.0,0.0,-3.5,2.3885333333,0.0,0.0,1.1114666667
1597673820.0,0.0,-3.5,2.3885333333,0.0,0.0,1.1114666667
1597673880.0,0.0,-3.5,2.3885333333,0.0,0.0,1.1114666667
1597673940.0,0.0,-3.5,2.3885333333,0.0,0.0,1.1114666667
1597674000.0,0.0,-3.5,2.3885333333,0.0,0.0,1.1114666667
1597674060.0,0.0,-3.5,2.3885333333,0.0,0.0,1.1114666667
1597674120.0,0.0,-3.5,2.3885333333,0.0,0.0,1.1114666667
1597674180.0,0.0,-3.5,2.3885333333,0.0,0.0,1.1114666667
1597674240.0,0.0,-3.5,2.3885333333,0.0,0.0,1.1114666667
1597674300.0,0.0,-3.5,2.3885333333,0.0,0.0,1.1114666667
1597674360.0,0.0,-3.5,2.3885333333,0.0,0.0,1.1114666667
1597674420.0,0.0,-3.5,2.3885333333,0.0,0.0,1.1114666667
1597674480.0,0.0,-3.5,2.3885333333,0.0,0.0,1.1114666667
1597674540.0,0.0,-3.5,2.3885333333,0.0,0.0,1.1114666667
1597674600.0,2.0,-2.2863378623,0.52147865439,0.0,0.0,1.2314190476
1597674660.0,2.0,-2.2863378623,0.52147865439,0.0,0.0,1.2314190476
1597674720.0,2.0,-2.2863378623,0.52147865439,0.0,0.0,1.2314190476
1597674780.0,2.0,-2.2863378623,0.52147865439,0.0,0.0,1.2314190476
1597674840.0,2.0,-2.2863378623,0.52147865439,0.0,0.0,1.2314190476
1597674900.0,2.0,-2.2863378623,0.52147865439,0.0,0.0,1.2314190476
1597674960.0,2.0,-2.2863378623,0.52147865439,0.0,0.0,1.2314190476
1597675020.0,2.0,-2.2863378623,0.52147865439,0.0,0.0,1.2314190476
1597675080.0,2.0,-2.2863378623,0.52147865439,0.0,0.0,1.2314190476
1597675140.0,2.0,-2.2863378623,0.52147865439,0.0,0.0,1.2314190476
1597675200.0,2.0,-2.2863378623,0.52147865439,0.0,0.0,1.2314190476
1597675260.0,2.0,-2.2863378623,0.52147865439,0.0,0.0,1.2314190476
1597675320.0,2.0,-2.2863378623,0.52147865439,0.0,0.0,1.2314190476
1597675380.0,2.0,-2.2863378623,0.52147865439,0.0,0.0,1.2314190476
1597675440.0,2.0,-2.2863378623,0.52147865439,0.0,0.0,1.2314190476
1597675500.0,2.0,-2.4178528721,0.52147865439,3.0,0.0,1.0225428571
1597675560.0,2.0,-2.4178528721,0.52147865439,3.0,0.0,1.0225428571
1597675620.0,2.0,-2.4178528721,0.52147865439,3.0,0.0,1.0225428571
1597675680.0,2.0,-2.4178528721,0.52147865439,3.0,0.0,1.0225428571
1597675740.0,2.0,-2.4178528721,0.52147865439,3.0,0.0,1.0225428571
1597675800.0,2.0,-2.4178528721,0.52147865439,3.0,0.0,1.0225428571
1597675860.0,2.0,-2.4178528721,0.52147865439,3.0,0.0,1.0225428571
1597675920.0,2.0,-2.4178528721,0.52147865439,3.0,0.0,1.0225428571
1597675980.0,2.0,-2.4178528721,0.52147865439,3.0,0.0,1.0225428571
1597676040.0,2.0,-2.4178528721,0.52147865439,3.0,0.0,1.0225428571
1597676100.0,2.0,-2.4178528721,0.52147865439,3.0,0.0,1.0225428571
1597676160.0,2.0,-2.4178528721,0.52147865439,3.0,0.0,1.0225428571
1597676220.0,2.0,-2.4178528721,0.52147865439,3.0,0.0,1.0225428571
1597676280.0,2.0,-2.4178528721,0.52147865439,3.0,0.0,1.0225428571
1597676340.0,2.0,-2.4178528721,0.52147865439,3.0,0.0,1.0225428571
1597676400.0,2.0,-2.4127946025,0.52147865439,0.0,0.0,0.95168571429
1597676460.0,2.0,-2.4127946025,0.52147865439,0.0,0.0,0.95168571429
1597676520.0,2.0,-2.4127946025,0.52147865439,0.0,0.0,0.95168571429
1597676580.0,2.0,-2.4127946025,0.52147865439,0.0,0.0,0.95168571429
1597676640.0,2.0,-2.4127946025,0.52147865439,0.0,0.0,0.95168571429
1597676700.0,2.0,-2.4127946025,0.52147865439,0.0,0.0,0.95168571429
1597676760.0,2.0,-2.4127946025,0.52147865439,0.0,0.0,0.95168571429
1597676820.0,2.0,-2.4127946025,0.52147865439,0.0,0.0,0.95168571429
1597676880.0,2.0,-2.4127946025,0.52147865439,0.0,0.0,0.95168571429
1597676940.0,2.0,-2.4127946025,0.52147865439,0.0,0.0,0.95168571429
1597677000.0,2.0,-2.4127946025,0.52147865439,0.0,0.0,0.95168571429
1597677060.0,2.0,-2.4127946025,0.52147865439,0.0,0.0,0.95168571429
1597677120.0,2.0,-2.4127946025,0.52147865439,0.0,0.0,0.95168571429
1597677180.0,2.0,-2.4127946025,0.52147865439,0.0,0.0,0.95168571429
1597677240.0,2.0,-2.4127946025,0.52147865439,0.0,0.0,0.95168571429
1597677300.0,2.0,-1.633821083,0.52147865439,0.0,0.0,1.0492285714
1597677360.0,2.0,-1.633821083,0.52147865439,0.0,0.0,1.0492285714
1597677420.0,2.0,-1.633821083,0.52147865439,0.0,0.0,1.0492285714
1597677480.0,2.0,-1.633821083,0.52147865439,0.0,0.0,1.0492285714
1597677540.0,2.0,-1.633821083,0.52147865439,0.0,0.0,1.0492285714
1597677600.0,2.0,-1.633821083,0.52147865439,0.0,0.0,1.0492285714
1597677660.0,2.0,-1.633821083,0.52147865439,0.0,0.0,1.0492285714
1597677720.0,2.0,-1.633821083,0.52147865439,0.0,0.0,1.0492285714
1597677780.0,2.0,-1.633821083,0.52147865439,0.0,0.0,1.0492285714
1597677840.0,2.0,-1.633821083,0.52147865439,0.0,0.0,1.0492285714
1597677900.0,2.0,-1.633821083,0.52147865439,0.0,0.0,1.0492285714
1597677960.0,2.0,-1.633821083,0.52147865439,0.0,0.0,1.0492285714
1597678020.0,2.0,-1.633821083,0.52147865439,0.0,0.0,1.0492285714
1597678080.0,2.0,-1.633821083,0.52147865439,0.0,0.0,1.0492285714
1597678140.0,2.0,-1.633821083,0.52147865439,0.0,0.0,1.0492285714
1597678200.0,2.0,-1.5579470389,0.52147865439,0.0,0.0,1.0371904762
1597678260.0,2.0,-1.5579470389,0.52147865439,0.0,0.0,1.0371904762
1597678320.0,2.0,-1.5579470389,0.52147865439,0.0,0.0,1.0371904762
1597678380.0,2.0,-1.5579470389,0.52147865439,0.0,0.0,1.0371904762
1597678440.0,2.0,-1.5579470389,0.52147865439,0.0,0.0,1.0371904762
1597678500.0,2.0,-1.5579470389,0.52147865439,0.0,0.0,1.0371904762
1597678560.0,2.0,-1.5579470389,0.52147865439,0.0,0.0,1.0371904762
1597678620.0,2.0,-1.5579470389,0.52147865439,0.0,0.0,1.0371904762
1597678680.0,2.0,-1.5579470389,0.52147865439,0.0,0.0,1.0371904762
1597678740.0,2.0,-1.5579470389,0.52147865439,0.0,0.0,1.0371904762
1597678800.0,2.0,-1.5579470389,0.52147865439,0.0,0.0,1.0371904762
1597678860.0,2.0,-1.5579470389,0.52147865439,0.0,0.0,1.0371904762
1597678920.0,2.0,-1.5579470389,0.52147865439,0.0,0.0,1.0371904762
1597678980.0,2.0,-1.5579470389,0.52147865439,0.0,0.0,1.0371904762
1597679040.0,2.0,-1.5579470389,0.52147865439,0.0,0.0,1.0371904762
1597679100.0,2.0,-1.4972478036,0.52147865439,0.0,0.0,1.1410095238
1597679160.0,2.0,-1.4972478036,0.52147865439,0.0,0.0,1.1410095238
1597679220.0,2.0,-1.4972478036,0.52147865439,0.0,0.0,1.1410095238
1597679280.0,2.0,-1.4972478036,0.52147865439,0.0,0.0,1.1410095238
1597679340.0,2.0,-1.4972478036,0.52147865439,0.0,0.0,1.1410095238
1597679400.0,2.0,-1.4972478036,0.52147865439,0.0,0.0,1.1410095238
1597679460.0,2.0,-1.4972478036,0.52147865439,0.0,0.0,1.1410095238
1597679520.0,2.0,-1.4972478036,0.52147865439,0.0,0.0,1.1410095238
1597679580.0,2.0,-1.4972478036,0.52147865439,0.0,0.0,1.1410095238
1597679640.0,2.0,-1.4972478036,0.52147865439,0.0,0.0,1.1410095238
1597679700.0,2.0,-1.4972478036,0.52147865439,0.0,0.0,1.1410095238
1597679760.0,2.0,-1.4972478036,0.52147865439,0.0,0.0,1.1410095238
1597679820.0,2.0,-1.4972478036,0.52147865439,0.0,0.0,1.1410095238
1597679880.0,2.0,-1.4972478036,0.52147865439,0.0,0.0,1.1410095238
1597679940.0,2.0,-1.4972478036,0.52147865439,0.0,0.0,1.1410095238
1597680000.0,0.0,-1.9777834163,0.52147865439,0.0,0.0,1.4563047619
1597680060.0,0.0,-1.9777834163,0.52147865439,0.0,0.0,1.4563047619
1597680120.0,0.0,-1.9777834163,0.52147865439,0.0,0.0,1.4563047619
1597680180.0,0.0,-1.9777834163,0.52147865439,0.0,0.0,1.4563047619
1597680240.0,0.0,-1.9777834163,0.52147865439,0.0,0.0,1.4563047619
1597680300.0,0.0,-1.9777834163,0.52147865439,0.0,0.0,1.4563047619
1597680360.0,0.0,-1.9777834163,0.52147865439,0.0,0.0,1.4563047619
1597680420.0,0.0,-1.9777834163,0.52147865439,0.0,0.0,1.4563047619
1597680480.0,0.0,-1.9777834163,0.52147865439,0.0,0.0,1.4563047619
1597680540.0,0.0,-1.9777834163,0.52147865439,0.0,0.0,1.4563047619
1597680600.0,0.0,-1.9777834163,0.52147865439,0.0,0.0,1.4563047619
1597680660.0,0.0,-1.9777834163,0.52147865439,0.0,0.0,1.4563047619
1597680720.0,0.0,-1.9777834163,0.52147865439,0.0,0.0,1.4563047619
1597680780.0,0.0,-1.9777834163,0.52147865439,0.0,0.0,1.4563047619
1597680840.0,0.0,-1.9777834163,0.52147865439,0.0,0.0,1.4563047619
1597680900.0,2.0,-1.5275974213,7.3452416968e-19,0.0,0.0,1.7053904762
1597680960.0,2.0,-1.5275974213,7.3452416968e-19,0.0,0.0,1.7053904762
1597681020.0,2.0,-1.5275974213,7.3452416968e-19,0.0,0.0,1.7053904762
1597681080.0,2.0,-1.5275974213,7.3452416968e-19,0.0,0.0,1.7053904762
1597681140.0,2.0,-1.5275974213,7.3452416968e-19,0.0,0.0,1.7053904762
1597681200.0,2.0,-1.5275974213,7.3452416968e-19,0.0,0.0,1.7053904762
1597681260.0,2.0,-1.5275974213,7.3452416968e-19,0.0,0.0,1.7053904762
1597681320.0,2.0,-1.5275974213,7.3452416968e-19,0.0,0.0,1.7053904762
1597681380.0,2.0,-1.5275974213,7.3452416968e-19,0.0,0.0,1.7053904762
1597681440.0,2.0,-1.5275974213,7.3452416968e-19,0.0,0.0,1.7053904762
1597681500.0,2.0,-1.5275974213,7.3452416968e-19,0.0,0.0,1.7053904762
1597681560.0,2.0,-1.5275974213,7.3452416968e-19,0.0,0.0,1.7053904762
1597681620.0,2.0,-1.5275974213,7.3452416968e-19,0.0,0.0,1.7053904762
1597681680.0,2.0,-1.5275974213,7.3452416968e-19,0.0,0.0,1.7053904762
1597681740.0,2.0,-1.5275974213,7.3452416968e-19,0.0,0.0,1.7053904762
1597681800.0,2.0,-1.0925862351,7.3452416968e-19,0.0,0.0,1.7955047619
1597681860.0,2.0,-1.0925862351,7.3452416968e-19,0.0,0.0,1.7955047619
1597681920.0,2.0,-1.0925862351,7.3452416968e-19,0.0,0.0,1.7955047619
1597681980.0,2.0,-1.0925862351,7.3452416968e-19,0.0,0.0,1.7955047619
1597682040.0,2.0,-1.0925862351,7.3452416968e-19,0.0,0.0,1.7955047619
1597682100.0,2.0,-1.0925862351,7.3452416968e-19,0.0,0.0,1.7955047619
1597682160.0,2.0,-1.0925862351,7.3452416968e-19,0.0,0.0,1.7955047619
1597682220.0,2.0,-1.0925862351,7.3452416968e-19,0.0,0.0,1.7955047619
1597682280.0,2.0,-1.0925862351,7.3452416968e-19,0.0,0.0,1.7955047619
1597682340.0,2.0,-1.0925862351,7.3452416968e-19,0.0,0.0,1.7955047619
1597682400.0,2.0,-1.0925862351,7.3452416968e-19,0.0,0.0,1.7955047619
1597682460.0,2.0,-1.0925862351,7.3452416968e-19,0.0,0.0,1.7955047619
1597682520.0,2.0,-1.0925862351,7.3452416968e-19,0.0,0.0,1.7955047619
1597682580.0,2.0,-1.0925862351,7.3452416968e-19,0.0,0.0,1.7955047619
1597682640.0,2.0,-1.0925862351,7.3452416968e-19,0.0,0.0,1.7955047619
1597682700.0,2.0,-0.99647911256,7.3452416968e-19,0.0,0.0,1.2406190476
1597682760.0,2.0,-0.99647911256,7.3452416968e-19,0.0,0.0,1.2406190476
1597682820.0,2.0,-0.99647911256,7.3452416968e-19,0.0,0.0,1.2406190476
1597682880.0,2.0,-0.99647911256,7.3452416968e-19,0.0,0.0,1.2406190476
1597682940.0,2.0,-0.99647911256,7.3452416968e-19,0.0,0.0,1.2406190476
1597683000.0,2.0,-0.99647911256,7.3452416968e-19,0.0,0.0,1.2406190476
1597683060.0,2.0,-0.99647911256,7.3452416968e-19,0.0,0.0,1.2406190476
1597683120.0,2.0,-0.99647911256,7.3452416968e-19,0.0,0.0,1.2406190476
1597683180.0,2.0,-0.99647911256,7.3452416968e-19,0.0,0.0,1.2406190476
1597683240.0,2.0,-0.99647911256,7.3452416968e-19,0.0,0.0,1.2406190476
1597683300.0,2.0,-0.99647911256,7.3452416968e-19,0.0,0.0,1.2406190476
1597683360.0,2.0,-0.99647911256,7.3452416968e-19,0.0,0.0,1.2406190476
1597683420.0,2.0,-0.99647911256,7.3452416968e-19,0.0,0.0,1.2406190476
1597683480.0,2.0,-0.99647911256,7.3452416968e-19,0.0,0.0,1.2406190476
1597683540.0,2.0,-0.99647911256,7.3452416968e-19,0.0,0.0,1.2406190476
1597683600.0,2.0,-0.64745850968,7.3452416968e-19,0.0,0.0,1.2753428571
1597683660.0,2.0,-0.64745850968,7.3452416968e-19,0.0,0.0,1.2753428571
1597683720.0,2.0,-0.64745850968,7.3452416968e-19,0.0,0.0,1.2753428571
1597683780.0,2.0,-0.64745850968,7.3452416968e-19,0.0,0.0,1.2753428571
1597683840.0,2.0,-0.64745850968,7.3452416968e-19,0.0,0.0,1.2753428571
1597683900.0,2.0,-0.64745850968,7.3452416968e-19,0.0,0.0,1.2753428571
1597683960.0,2.0,-0.64745850968,7.3452416968e-19,0.0,0.0,1.2753428571
1597684020.0,2.0,-0.64745850968,7.3452416968e-19,0.0,0.0,1.2753428571
1597684080.0,2.0,-0.64745850968,7.3452416968e-19,0.0,0.0,1.2753428571
1597684140.0,2.0,-0.64745850968,7.3452416968e-19,0.0,0.0,1.2753428571
1597684200.0,2.0,-0.64745850968,7.3452416968e-19,0.0,0.0,1.2753428571
1597684260.0,2.0,-0.64745850968,7.3452416968e-19,0.0,0.0,1.2753428571
1597684320.0,2.0,-0.64745850968,7.3452416968e-19,0.0,0.0,1.2753428571
1597684380.0,2.0,-0.64745850968,7.3452416968e-19,0.0,0.0,1.2753428571
1597684440.0,2.0,-0.64745850968,7.3452416968e-19,0.0,0.0,1.2753428571
1597684500.0,2.0,-0.44512772541,7.3452416968e-19,0.0,0.0,1.1045238095
1597684560.0,2.0,-0.44512772541,7.3452416968e-19,0.0,0.0,1.1045238095
1597684620.0,2.0,-0.44512772541,7.3452416968e-19,0.0,0.0,1.1045238095
1597684680.0,2.0,-0.44512772541,7.3452416968e-19,0.0,0.0,1.1045238095
1597684740.0,2.0,-0.44512772541,7.3452416968e-19,0.0,0.0,1.1045238095
1597684800.0,2.0,-0.44512772541,7.3452416968e-19,0.0,0.0,1.1045238095
1597684860.0,2.0,-0.44512772541,7.3452416968e-19,0.0,0.0,1.1045238095
1597684920.0,2.0,-0.44512772541,7.3452416968e-19,0.0,0.0,1.1045238095
1597684980.0,2.0,-0.44512772541,7.3452416968e-19,0.0,0.0,1.1045238095
1597685040.0,2.0,-0.44512772541,7.3452416968e-19,0.0,0.0,1.1045238095
1597685100.0,2.0,-0.44512772541,7.3452416968e-19,0.0,0.0,1.1045238095
1597685160.0,2.0,-0.44512772541,7.3452416968e-19,0.0,0.0,1.1045238095
1597685220.0,2.0,-0.44512772541,7.3452416968e-19,0.0,0.0,1.1045238095
1597685280.0,2.0,-0.44512772541,7.3452416968e-19,0.0,0.0,1.1045238095
1597685340.0,2.0,-0.44512772541,7.3452416968e-19,0.0,0.0,1.1045238095
1597685400.0,2.0,-0.28832136759,7.3452416968e-19,0.0,0.0,1.1724095238
1597685460.0,2.0,-0.28832136759,7.3452416968e-19,0.0,0.0,1.1724095238
1597685520.0,2.0,-0.28832136759,7.3452416968e-19,0.0,0.0,1.1724095238
1597685580.0,2.0,-0.28832136759,7.3452416968e-19,0.0,0.0,1.1724095238
1597685640.0,2.0,-0.28832136759,7.3452416968e-19,0.0,0.0,1.1724095238
1597685700.0,2.0,-0.28832136759,7.3452416968e-19,0.0,0.0,1.1724095238
1597685760.0,2.0,-0.28832136759,7.3452416968e-19,0.0,0.0,1.1724095238
1597685820.0,2.0,-0.28832136759,7.3452416968e-19,0.0,0.0,1.1724095238
1597685880.0,2.0,-0.28832136759,7.3452416968e-19,0.0,0.0,1.1724095238
1597685940.0,2.0,-0.28832136759,7.3452416968e-19,0.0,0.0,1.1724095238
1597686000.0,2.0,-0.28832136759,7.3452416968e-19,0.0,0.0,1.1724095238
1597686060.0,2.0,-0.28832136759,7.3452416968e-19,0.0,0.0,1.1724095238
1597686120.0,2.0,-0.28832136759,7.3452416968e-19,0.0,0.0,1.1724095238
1597686180.0,2.0,-0.28832136759,7.3452416968e-19,0.0,0.0,1.1724095238
1597686240.0,2.0,-0.28832136759,7.3452416968e-19,0.0,0.0,1.1724095238
1597686300.0,2.0,-0.15174808821,7.3452416968e-19,0.0,0.0,1.3401619048
1597686360.0,2.0,-0.15174808821,7.3452416968e-19,0.0,0.0,1.3401619048
1597686420.0,2.0,-0.15174808821,7.3452416968e-19,0.0,0.0,1.3401619048
1597686480.0,2.0,-0.15174808821,7.3452416968e-19,0.0,0.0,1.3401619048
1597686540.0,2.0,-0.15174808821,7.3452416968e-19,0.0,0.0,1.3401619048
1597686600.0,2.0,-0.15174808821,7.3452416968e-19,0.0,0.0,1.3401619048
1597686660.0,2.0,-0.15174808821,7.3452416968e-19,0.0,0.0,1.3401619048
1597686720.0,2.0,-0.15174808821,7.3452416968e-19,0.0,0.0,1.3401619048
1597686780.0,2.0,-0.15174808821,7.3452416968e-19,0.0,0.0,1.3401619048
1597686840.0,2.0,-0.15174808821,7.3452416968e-19,0.0,0.0,1.3401619048
1597686900.0,2.0,-0.15174808821,7.3452416968e-19,0.0,0.0,1.3401619048
1597686960.0,2.0,-0.15174808821,7.3452416968e-19,0.0,0.0,1.3401619048
1597687020.0,2.0,-0.15174808821,7.3452416968e-19,0.0,0.0,1.3401619048
1597687080.0,2.0,-0.15174808821,7.3452416968e-19,0.0,0.0,1.3401619048
1597687140.0,2.0,-0.15174808821,7.3452416968e-19,0.0,0.0,1.3401619048
1597687200.0,2.0,-0.055640965676,-0.84524637154,0.0,0.0,1.1766285714
1597687260.0,2.0,-0.055640965676,-0.84524637154,0.0,0.0,1.1766285714
1597687320.0,2.0,-0.055640965676,-0.84524637154,0.0,0.0,1.1766285714
1597687380.0,2.0,-0.055640965676,-0.84524637154,0.0,0.0,1.1766285714
1597687440.0,2.0,-0.055640965676,-0.84524637154,0.0,0.0,1.1766285714
1597687500.0,2.0,-0.055640965676,-0.84524637154,0.0,0.0,1.1766285714
1597687560.0,2.0,-0.055640965676,-0.84524637154,0.0,0.0,1.1766285714
1597687620.0,2.0,-0.055640965676,-0.84524637154,0.0,0.0,1.1766285714
1597687680.0,2.0,-0.055640965676,-0.84524637154,0.0,0.0,1.1766285714
1597687740.0,2.0,-0.055640965676,-0.84524637154,0.0,0.0,1.1766285714
1597687800.0,2.0,-0.055640965676,-0.84524637154,0.0,0.0,1.1766285714
1597687860.0,2.0,-0.055640965676,-0.84524637154,0.0,0.0,1.1766285714
1597687920.0,2.0,-0.055640965676,-0.84524637154,0.0,0.0,1.1766285714
1597687980.0,2.0,-0.055640965676,-0.84524637154,0.0,0.0,1.1766285714
1597688040.0,2.0,-0.055640965676,-0.84524637154,0.0,0.0,1.1766285714
1597688100.0,0.0,0.0,-0.84524637154,0.0,0.0,1.3181142857
1597688160.0,0.0,0.0,-0.84524637154,0.0,0.0,1.3181142857
1597688220.0,0.0,0.0,-0.84524637154,0.0,0.0,1.3181142857
1597688280.0,0.0,0.0,-0.84524637154,0.0,0.0,1.3181142857
1597688340.0,0.0,0.0,-0.84524637154,0.0,0.0,1.3181142857
1597688400.0,0.0,0.0,-0.84524637154,0.0,0.0,1.3181142857
1597688460.0,0.0,0.0,-0.84524637154,0.0,0.0,1.3181142857
1597688520.0,0.0,0.0,-0.84524637154,0.0,0.0,1.3181142857
1597688580.0,0.0,0.0,-0.84524637154,0.0,0.0,1.3181142857
1597688640.0,0.0,0.0,-0.84524637154,0.0,0.0,1.3181142857
1597688700.0,0.0,0.0,-0.84524637154,0.0,0.0,1.3181142857
1597688760.0,0.0,0.0,-0.84524637154,0.0,0.0,1.3181142857
1597688820.0,0.0,0.0,-0.84524637154,0.0,0.0,1.3181142857
1597688880.0,0.0,0.0,-0.84524637154,0.0,0.0,1.3181142857
1597688940.0,0.0,0.0,-0.84524637154,0.0,0.0,1.3181142857
1597689000.0,2.0,0.0,-4.1233571263,3.0,0.0,1.312047619
1597689060.0,2.0,0.0,-4.1233571263,3.0,0.0,1.312047619
1597689120.0,2.0,0.0,-4.1233571263,3.0,0.0,1.312047619
1597689180.0,2.0,0.0,-4.1233571263,3.0,0.0,1.312047619
1597689240.0,2.0,0.0,-4.1233571263,3.0,0.0,1.312047619
1597689300.0,2.0,0.0,-4.1233571263,3.0,0.0,1.312047619
1597689360.0,2.0,0.0,-4.1233571263,3.0,0.0,1.312047619
1597689420.0,2.0,0.0,-4.1233571263,3.0,0.0,1.312047619
1597689480.0,2.0,0.0,-4.1233571263,3.0,0.0,1.312047619
1597689540.0,2.0,0.0,-4.1233571263,3.0,0.0,1.312047619
1597689600.0,2.0,0.0,-4.1233571263,3.0,0.0,1.312047619
1597689660.0,2.0,0.0,-4.1233571263,3.0,0.0,1.312047619
1597689720.0,2.0,0.0,-4.1233571263,3.0,0.0,1.312047619
1597689780.0,2.0,0.0,-4.1233571263,3.0,0.0,1.312047619
1597689840.0,2.0,0.0,-4.1233571263,3.0,0.0,1.312047619
1597689900.0,2.0,0.0,-4.2181952216,3.0,0.0,1.4068857143
1597689960.0,2.0,0.0,-4.2181952216,3.0,0.0,1.4068857143
1597690020.0,2.0,0.0,-4.2181952216,3.0,0.0,1.4068857143
1597690080.0,2.0,0.0,-4.2181952216,3.0,0.0,1.4068857143
1597690140.0,2.0,0.0,-4.2181952216,3.0,0.0,1.4068857143
1597690200.0,2.0,0.0,-4.2181952216,3.0,0.0,1.4068857143
1597690260.0,2.0,0.0,-4.2181952216,3.0,0.0,1.4068857143
1597690320.0,2.0,0.0,-4.2181952216,3.0,0.0,1.4068857143
1597690380.0,2.0,0.0,-4.2181952216,3.0,0.0,1.4068857143
1597690440.0,2.0,0.0,-4.2181952216,3.0,0.0,1.4068857143
1597690500.0,2.0,0.0,-4.2181952216,3.0,0.0,1.4068857143
1597690560.0,2.0,0.0,-4.2181952216,3.0,0.0,1.4068857143
1597690620.0,2.0,0.0,-4.2181952216,3.0,0.0,1.4068857143
1597690680.0,2.0,0.0,-4.2181952216,3.0,0.0,1.4068857143
1597690740.0,2.0,0.0,-4.2181952216,3.0,0.0,1.4068857143
1597690800.0,2.0,0.0,-4.2181952216,3.0,0.0,1.3322952381
1597690860.0,2.0,0.0,-4.2181952216,3.0,0.0,1.3322952381
1597690920.0,2.0,0.0,-4.2181952216,3.0,0.0,1.3322952381
1597690980.0,2.0,0.0,-4.2181952216,3.0,0.0,1.3322952381
1597691040.0,2.0,0.0,-4.2181952216,3.0,0.0,1.3322952381
1597691100.0,2.0,0.0,-4.2181952216,3.0,0.0,1.3322952381
1597691160.0,2.0,0.0,-4.2181952216,3.0,0.0,1.3322952381
1597691220.0,2.0,0.0,-4.2181952216,3.0,0.0,1.3322952381
1597691280.0,2.0,0.0,-4.2181952216,3.0,0.0,1.3322952381
1597691340.0,2.0,0.0,-4.2181952216,3.0,0.0,1.3322952381
1597691400.0,2.0,0.0,-4.2181952216,3.0,0.0,1.3322952381
1597691460.0,2.0,0.0,-4.2181952216,3.0,0.0,1.3322952381
1597691520.0,2.0,0.0,-4.2181952216,3.0,0.0,1.3322952381
1597691580.0,2.0,0.0,-4.2181952216,3.0,0.0,1.3322952381
1597691640.0,2.0,0.0,-4.2181952216,3.0,0.0,1.3322952381
1597691700.0,2.0,0.0,-4.2181952216,3.0,0.0,1.3303142857
1597691760.0,2.0,0.0,-4.2181952216,3.0,0.0,1.3303142857
1597691820.0,2.0,0.0,-4.2181952216,3.0,0.0,1.3303142857
1597691880.0,2.0,0.0,-4.2181952216,3.0,0.0,1.3303142857
1597691940.0,2.0,0.0,-4.2181952216,3.0,0.0,1.3303142857
1597692000.0,2.0,0.0,-4.2181952216,3.0,0.0,1.3303142857
1597692060.0,2.0,0.0,-4.2181952216,3.0,0.0,1.3303142857
1597692120.0,2.0,0.0,-4.2181952216,3.0,0.0,1.3303142857
1597692180.0,2.0,0.0,-4.2181952216,3.0,0.0,1.3303142857
1597692240.0,2.0,0.0,-4.2181952216,3.0,0.0,1.3303142857
1597692300.0,2.0,0.0,-4.2181952216,3.0,0.0,1.3303142857
1597692360.0,2.0,0.0,-4.2181952216,3.0,0.0,1.3303142857
1597692420.0,2.0,0.0,-4.2181952216,3.0,0.0,1.3303142857
1597692480.0,2.0,0.0,-4.2181952216,3.0,0.0,1.3303142857
1597692540.0,2.0,0.0,-4.2181952216,3.0,0.0,1.3303142857
1597692600.0,2.0,0.0,-4.2181952216,3.0,0.0,1.3633238095
1597692660.0,2.0,0.0,-4.2181952216,3.0,0.0,1.3633238095
1597692720.0,2.0,0.0,-4.2181952216,3.0,0.0,1.3633238095
1597692780.0,2.0,0.0,-4.2181952216,3.0,0.0,1.3633238095
1597692840.0,2.0,0.0,-4.2181952216,3.0,0.0,1.3633238095
1597692900.0,2.0,0.0,-4.2181952216,3.0,0.0,1.3633238095
1597692960.0,2.0,0.0,-4.2181952216,3.0,0.0,1.3633238095
1597693020.0,2.0,0.0,-4.2181952216,3.0,0.0,1.3633238095
1597693080.0,2.0,0.0,-4.2181952216,3.0,0.0,1.3633238095
1597693140.0,2.0,0.0,-4.2181952216,3.0,0.0,1.3633238095
1597693200.0,2.0,0.0,-4.2181952216,3.0,0.0,1.3633238095
1597693260.0,2.0,0.0,-4.2181952216,3.0,0.0,1.3633238095
1597693320.0,2.0,0.0,-4.2181952216,3.0,0.0,1.3633238095
1597693380.0,2.0,0.0,-4.2181952216,3.0,0.0,1.3633238095
1597693440.0,2.0,0.0,-4.2181952216,3.0,0.0,1.3633238095
1597693500.0,2.0,0.0,-4.2181952216,3.0,0.0,1.2791428571
1597693560.0,2.0,0.0,-4.2181952216,3.0,0.0,1.2791428571
1597693620.0,2.0,0.0,-4.2181952216,3.0,0.0,1.2791428571
1597693680.0,2.0,0.0,-4.2181952216,3.0,0.0,1.2791428571
1597693740.0,2.0,0.0,-4.2181952216,3.0,0.0,1.2791428571
1597693800.0,2.0,0.0,-4.2181952216,3.0,0.0,1.2791428571
1597693860.0,2.0,0.0,-4.2181952216,3.0,0.0,1.2791428571
1597693920.0,2.0,0.0,-4.2181952216,3.0,0.0,1.2791428571
1597693980.0,2.0,0.0,-4.2181952216,3.0,0.0,1.2791428571
1597694040.0,2.0,0.0,-4.2181952216,3.0,0.0,1.2791428571
1597694100.0,2.0,0.0,-4.2181952216,3.0,0.0,1.2791428571
1597694160.0,2.0,0.0,-4.2181952216,3.0,0.0,1.2791428571
1597694220.0,2.0,0.0,-4.2181952216,3.0,0.0,1.2791428571
1597694280.0,2.0,0.0,-4.2181952216,3.0,0.0,1.2791428571
1597694340.0,2.0,0.0,-4.2181952216,3.0,0.0,1.2791428571
1597694400.0,2.0,0.0,-4.5639150372,3.0,0.0,1.2976095238
1597694460.0,2.0,0.0,-4.5639150372,3.0,0.0,1.2976095238
1597694520.0,2.0,0.0,-4.5639150372,3.0,0.0,1.2976095238
1597694580.0,2.0,0.0,-4.5639150372,3.0,0.0,1.2976095238
1597694640.0,2.0,0.0,-4.5639150372,3.0,0.0,1.2976095238
1597694700.0,2.0,0.0,-4.5639150372,3.0,0.0,1.2976095238
1597694760.0,2.0,0.0,-4.5639150372,3.0,0.0,1.2976095238
1597694820.0,2.0,0.0,-4.5639150372,3.0,0.0,1.2976095238
1597694880.0,2.0,0.0,-4.5639150372,3.0,0.0,1.2976095238
1597694940.0,2.0,0.0,-4.5639150372,3.0,0.0,1.2976095238
1597695000.0,2.0,0.0,-4.5639150372,3.0,0.0,1.2976095238
1597695060.0,2.0,0.0,-4.5639150372,3.0,0.0,1.2976095238
1597695120.0,2.0,0.0,-4.5639150372,3.0,0.0,1.2976095238
1597695180.0,2.0,0.0,-4.5639150372,3.0,0.0,1.2976095238
1597695240.0,2.0,0.0,-4.5639150372,3.0,0.0,1.2976095238
1597695300.0,0.0,0.0,0.21495943952,3.0,0.0,1.2239333333
1597695360.0,0.0,0.0,0.21495943952,3.0,0.0,1.2239333333
1597695420.0,0.0,0.0,0.21495943952,3.0,0.0,1.2239333333
1597695480.0,0.0,0.0,0.21495943952,3.0,0.0,1.2239333333
1597695540.0,0.0,0.0,0.21495943952,3.0,0.0,1.2239333333
1597695600.0,0.0,0.0,0.21495943952,3.0,0.0,1.2239333333
1597695660.0,0.0,0.0,0.21495943952,3.0,0.0,1.2239333333
1597695720.0,0.0,0.0,0.21495943952,3.0,0.0,1.2239333333
1597695780.0,0.0,0.0,0.21495943952,3.0,0.0,1.2239333333
1597695840.0,0.0,0.0,0.21495943952,3.0,0.0,1.2239333333
1597695900.0,0.0,0.0,0.21495943952,3.0,0.0,1.2239333333
1597695960.0,0.0,0.0,0.21495943952,3.0,0.0,1.2239333333
1597696020.0,0.0,0.0,0.21495943952,3.0,0.0,1.2239333333
1597696080.0,0.0,0.0,0.21495943952,3.0,0.0,1.2239333333
1597696140.0,0.0,0.0,0.21495943952,3.0,0.0,1.2239333333
1597696200.0,0.0,0.0,0.21495943952,3.0,0.0,1.2218857143
1597696260.0,0.0,0.0,0.21495943952,3.0,0.0,1.2218857143
1597696320.0,0.0,0.0,0.21495943952,3.0,0.0,1.2218857143
1597696380.0,0.0,0.0,0.21495943952,3.0,0.0,1.2218857143
1597696440.0,0.0,0.0,0.21495943952,3.0,0.0,1.2218857143
1597696500.0,0.0,0.0,0.21495943952,3.0,0.0,1.2218857143
1597696560.0,0.0,0.0,0.21495943952,3.0,0.0,1.2218857143
1597696620.0,0.0,0.0,0.21495943952,3.0,0.0,1.2218857143
1597696680.0,0.0,0.0,0.21495943952,3.0,0.0,1.2218857143
1597696740.0,0.0,0.0,0.21495943952,3.0,0.0,1.2218857143
1597696800.0,0.0,0.0,0.21495943952,3.0,0.0,1.2218857143
1597696860.0,0.0,0.0,0.21495943952,3.0,0.0,1.2218857143
1597696920.0,0.0,0.0,0.21495943952,3.0,0.0,1.2218857143
1597696980.0,0.0,0.0,0.21495943952,3.0,0.0,1.2218857143
1597697040.0,0.0,0.0,0.21495943952,3.0,0.0,1.2218857143
1597697100.0,0.0,0.0,0.21495943952,3.0,0.0,1.3668380952
1597697160.0,0.0,0.0,0.21495943952,3.0,0.0,1.3668380952
1597697220.0,0.0,0.0,0.21495943952,3.0,0.0,1.3668380952
1597697280.0,0.0,0.0,0.21495943952,3.0,0.0,1.3668380952
1597697340.0,0.0,0.0,0.21495943952,3.0,0.0,1.3668380952
1597697400.0,0.0,0.0,0.21495943952,3.0,0.0,1.3668380952
1597697460.0,0.0,0.0,0.21495943952,3.0,0.0,1.3668380952
1597697520.0,0.0,0.0,0.21495943952,3.0,0.0,1.3668380952
1597697580.0,0.0,0.0,0.21495943952,3.0,0.0,1.3668380952
1597697640.0,0.0,0.0,0.21495943952,3.0,0.0,1.3668380952
1597697700.0,0.0,0.0,0.21495943952,3.0,0.0,1.3668380952
1597697760.0,0.0,0.0,0.21495943952,3.0,0.0,1.3668380952
1597697820.0,0.0,0.0,0.21495943952,3.0,0.0,1.3668380952
1597697880.0,0.0,0.0,0.21495943952,3.0,0.0,1.3668380952
1597697940.0,0.0,0.0,0.21495943952,3.0,0.0,1.3668380952
1597698000.0,0.0,0.0,0.21495943952,3.0,0.0,1.3584761905
1597698060.0,0.0,0.0,0.21495943952,3.0,0.0,1.3584761905
1597698120.0,0.0,0.0,0.21495943952,3.0,0.0,1.3584761905
1597698180.0,0.0,0.0,0.21495943952,3.0,0.0,1.3584761905
1597698240.0,0.0,0.0,0.21495943952,3.0,0.0,1.3584761905
1597698300.0,0.0,0.0,0.21495943952,3.0,0.0,1.3584761905
1597698360.0,0.0,0.0,0.21495943952,3.0,0.0,1.3584761905
1597698420.0,0.0,0.0,0.21495943952,3.0,0.0,1.3584761905
1597698480.0,0.0,0.0,0.21495943952,3.0,0.0,1.3584761905
1597698540.0,0.0,0.0,0.21495943952,3.0,0.0,1.3584761905
1597698600.0,0.0,0.0,0.21495943952,3.0,0.0,1.3584761905
1597698660.0,0.0,0.0,0.21495943952,3.0,0.0,1.3584761905
1597698720.0,0.0,0.0,0.21495943952,3.0,0.0,1.3584761905
1597698780.0,0.0,0.0,0.21495943952,3.0,0.0,1.3584761905
1597698840.0,0.0,0.0,0.21495943952,3.0,0.0,1.3584761905
1597698900.0,0.0,0.0,0.21495943952,3.0,0.0,1.2764571429
1597698960.0,0.0,0.0,0.21495943952,3.0,0.0,1.2764571429
1597699020.0,0.0,0.0,0.21495943952,3.0,0.0,1.2764571429
1597699080.0,0.0,0.0,0.21495943952,3.0,0.0,1.2764571429
1597699140.0,0.0,0.0,0.21495943952,3.0,0.0,1.2764571429
1597699200.0,0.0,0.0,0.21495943952,3.0,0.0,1.2764571429
1597699260.0,0.0,0.0,0.21495943952,3.0,0.0,1.2764571429
1597699320.0,0.0,0.0,0.21495943952,3.0,0.0,1.2764571429
1597699380.0,0.0,0.0,0.21495943952,3.0,0.0,1.2764571429
1597699440.0,0.0,0.0,0.21495943952,3.0,0.0,1.2764571429
1597699500.0,0.0,0.0,0.21495943952,3.0,0.0,1.2764571429
1597699560.0,0.0,0.0,0.21495943952,3.0,0.0,1.2764571429
1597699620.0,0.0,0.0,0.21495943952,3.0,0.0,1.2764571429
1597699680.0,0.0,0.0,0.21495943952,3.0,0.0,1.2764571429
1597699740.0,0.0,0.0,0.21495943952,3.0,0.0,1.2764571429
1597699800.0,0.0,0.0,0.21495943952,0.0,0.0,1.3117047619
1597699860.0,0.0,0.0,0.21495943952,0.0,0.0,1.3117047619
1597699920.0,0.0,0.0,0.21495943952,0.0,0.0,1.3117047619
1597699980.0,0.0,0.0,0.21495943952,0.0,0.0,1.3117047619
1597700040.0,0.0,0.0,0.21495943952,0.0,0.0,1.3117047619
1597700100.0,0.0,0.0,0.21495943952,0.0,0.0,1.3117047619
1597700160.0,0.0,0.0,0.21495943952,0.0,0.0,1.3117047619
1597700220.0,0.0,0.0,0.21495943952,0.0,0.0,1.3117047619
1597700280.0,0.0,0.0,0.21495943952,0.0,0.0,1.3117047619
1597700340.0,0.0,0.0,0.21495943952,0.0,0.0,1.3117047619
1597700400.0,0.0,0.0,0.21495943952,0.0,0.0,1.3117047619
1597700460.0,0.0,0.0,0.21495943952,0.0,0.0,1.3117047619
1597700520.0,0.0,0.0,0.21495943952,0.0,0.0,1.3117047619
1597700580.0,0.0,0.0,0.21495943952,0.0,0.0,1.3117047619
1597700640.0,0.0,0.0,0.21495943952,0.0,0.0,1.3117047619
1597700700.0,2.0,0.0,-0.87545291235,0.0,0.0,1.1446380952
1597700760.0,2.0,0.0,-0.87545291235,0.0,0.0,1.1446380952
1597700820.0,2.0,0.0,-0.87545291235,0.0,0.0,1.1446380952
1597700880.0,2.0,0.0,-0.87545291235,0.0,0.0,1.1446380952
1597700940.0,2.0,0.0,-0.87545291235,0.0,0.0,1.1446380952
1597701000.0,2.0,0.0,-0.87545291235,0.0,0.0,1.1446380952
1597701060.0,2.0,0.0,-0.87545291235,0.0,0.0,1.1446380952
1597701120.0,2.0,0.0,-0.87545291235,0.0,0.0,1.1446380952
1597701180.0,2.0,0.0,-0.87545291235,0.0,0.0,1.1446380952
1597701240.0,2.0,0.0,-0.87545291235,0.0,0.0,1.1446380952
1597701300.0,2.0,0.0,-0.87545291235,0.0,0.0,1.1446380952
1597701360.0,2.0,0.0,-0.87545291235,0.0,0.0,1.1446380952
1597701420.0,2.0,0.0,-0.87545291235,0.0,0.0,1.1446380952
1597701480.0,2.0,0.0,-0.87545291235,0.0,0.0,1.1446380952
1597701540.0,2.0,0.0,-0.87545291235,0.0,0.0,1.1446380952
1597701600.0,2.0,0.0,-0.94556271031,0.0,0.0,1.0234857143
1597701660.0,2.0,0.0,-0.94556271031,0.0,0.0,1.0234857143
1597701720.0,2.0,0.0,-0.94556271031,0.0,0.0,1.0234857143
1597701780.0,2.0,0.0,-0.94556271031,0.0,0.0,1.0234857143
1597701840.0,2.0,0.0,-0.94556271031,0.0,0.0,1.0234857143
1597701900.0,2.0,0.0,-0.94556271031,0.0,0.0,1.0234857143
1597701960.0,2.0,0.0,-0.94556271031,0.0,0.0,1.0234857143
1597702020.0,2.0,0.0,-0.94556271031,0.0,0.0,1.0234857143
1597702080.0,2.0,0.0,-0.94556271031,0.0,0.0,1.0234857143
1597702140.0,2.0,0.0,-0.94556271031,0.0,0.0,1.0234857143
1597702200.0,2.0,0.0,-0.94556271031,0.0,0.0,1.0234857143
1597702260.0,2.0,0.0,-0.94556271031,0.0,0.0,1.0234857143
1597702320.0,2.0,0.0,-0.94556271031,0.0,0.0,1.0234857143
1597702380.0,2.0,0.0,-0.94556271031,0.0,0.0,1.0234857143
1597702440.0,2.0,0.0,-0.94556271031,0.0,0.0,1.0234857143
1597702500.0,0.0,0.0,-3.6557937961e-20,0.0,0.0,1.0516095238
1597702560.0,0.0,0.0,-3.6557937961e-20,0.0,0.0,1.0516095238
1597702620.0,0.0,0.0,-3.6557937961e-20,0.0,0.0,1.0516095238
1597702680.0,0.0,0.0,-3.6557937961e-20,0.0,0.0,1.0516095238
1597702740.0,0.0,0.0,-3.6557937961e-20,0.0,0.0,1.0516095238
1597702800.0,0.0,0.0,-3.6557937961e-20,0.0,0.0,1.0516095238
1597702860.0,0.0,0.0,-3.6557937961e-20,0.0,0.0,1.0516095238
1597702920.0,0.0,0.0,-3.6557937961e-20,0.0,0.0,1.0516095238
1597702980.0,0.0,0.0,-3.6557937961e-20,0.0,0.0,1.0516095238
1597703040.0,0.0,0.0,-3.6557937961e-20,0.0,0.0,1.0516095238
1597703100.0,0.0,0.0,-3.6557937961e-20,0.0,0.0,1.0516095238
1597703160.0,0.0,0.0,-3.6557937961e-20,0.0,0.0,1.0516095238
1597703220.0,0.0,0.0,-3.6557937961e-20,0.0,0.0,1.0516095238
1597703280.0,0.0,0.0,-3.6557937961e-20,0.0,0.0,1.0516095238
1597703340.0,0.0,0.0,-3.6557937961e-20,0.0,0.0,1.0516095238
1597703400.0,0.0,0.0,-3.6557937961e-20,0.0,0.0,0.9376
1597703460.0,0.0,0.0,-3.6557937961e-20,0.0,0.0,0.9376
1597703520.0,0.0,0.0,-3.6557937961e-20,0.0,0.0,0.9376
1597703580.0,0.0,0.0,-3.6557937961e-20,0.0,0.0,0.9376
1597703640.0,0.0,0.0,-3.6557937961e-20,0.0,0.0,0.9376
1597703700.0,0.0,0.0,-3.6557937961e-20,0.0,0.0,0.9376
1597703760.0,0.0,0.0,-3.6557937961e-20,0.0,0.0,0.9376
1597703820.0,0.0,0.0,-3.6557937961e-20,0.0,0.0,0.9376
1597703880.0,0.0,0.0,-3.6557937961e-20,0.0,0.0,0.9376
1597703940.0,0.0,0.0,-3.6557937961e-20,0.0,0.0,0.9376
1597704000.0,0.0,0.0,-3.6557937961e-20,0.0,0.0,0.9376
1597704060.0,0.0,0.0,-3.6557937961e-20,0.0,0.0,0.9376
1597704120.0,0.0,0.0,-3.6557937961e-20,0.0,0.0,0.9376
1597704180.0,0.0,0.0,-3.6557937961e-20,0.0,0.0,0.9376
1597704240.0,0.0,0.0,-3.6557937961e-20,0.0,0.0,0.9376
1597704300.0,0.0,0.0,-3.6557937961e-20,0.0,0.0,0.8679047619
1597704360.0,0.0,0.0,-3.6557937961e-20,0.0,0.0,0.8679047619
1597704420.0,0.0,0.0,-3.6557937961e-20,0.0,0.0,0.8679047619
1597704480.0,0.0,0.0,-3.6557937961e-20,0.0,0.0,0.8679047619
1597704540.0,0.0,0.0,-3.6557937961e-20,0.0,0.0,0.8679047619
1597704600.0,0.0,0.0,-3.6557937961e-20,0.0,0.0,0.8679047619
1597704660.0,0.0,0.0,-3.6557937961e-20,0.0,0.0,0.8679047619
1597704720.0,0.0,0.0,-3.6557937961e-20,0.0,0.0,0.8679047619
1597704780.0,0.0,0.0,-3.6557937961e-20,0.0,0.0,0.8679047619
1597704840.0,0.0,0.0,-3.6557937961e-20,0.0,0.0,0.8679047619
1597704900.0,0.0,0.0,-3.6557937961e-20,0.0,0.0,0.8679047619
1597704960.0,0.0,0.0,-3.6557937961e-20,0.0,0.0,0.8679047619
1597705020.0,0.0,0.0,-3.6557937961e-20,0.0,0.0,0.8679047619
1597705080.0,0.0,0.0,-3.6557937961e-20,0.0,0.0,0.8679047619
1597705140.0,0.0,0.0,-3.6557937961e-20,0.0,0.0,0.8679047619
1597705200.0,0.0,0.0,-3.6557937961e-20,0.0,0.0,0.92868571429
1597705260.0,0.0,0.0,-3.6557937961e-20,0.0,0.0,0.92868571429
1597705320.0,0.0,0.0,-3.6557937961e-20,0.0,0.0,0.92868571429
1597705380.0,0.0,0.0,-3.6557937961e-20,0.0,0.0,0.92868571429
1597705440.0,0.0,0.0,-3.6557937961e-20,0.0,0.0,0.92868571429
1597705500.0,0.0,0.0,-3.6557937961e-20,0.0,0.0,0.92868571429
1597705560.0,0.0,0.0,-3.6557937961e-20,0.0,0.0,0.92868571429
1597705620.0,0.0,0.0,-3.6557937961e-20,0.0,0.0,0.92868571429
1597705680.0,0.0,0.0,-3.6557937961e-20,0.0,0.0,0.92868571429
1597705740.0,0.0,0.0,-3.6557937961e-20,0.0,0.0,0.92868571429
1597705800.0,0.0,0.0,-3.6557937961e-20,0.0,0.0,0.92868571429
1597705860.0,0.0,0.0,-3.6557937961e-20,0.0,0.0,0.92868571429
1597705920.0,0.0,0.0,-3.6557937961e-20,0.0,0.0,0.92868571429
1597705980.0,0.0,0.0,-3.6557937961e-20,0.0,0.0,0.92868571429
1597706040.0,0.0,0.0,-3.6557937961e-20,0.0,0.0,0.92868571429
1597706100.0,0.0,0.0,-3.6557937961e-20,0.0,0.0,0.73568571429
1597706160.0,0.0,0.0,-3.6557937961e-20,0.0,0.0,0.73568571429
1597706220.0,0.0,0.0,-3.6557937961e-20,0.0,0.0,0.73568571429
1597706280.0,0.0,0.0,-3.6557937961e-20,0.0,0.0,0.73568571429
1597706340.0,0.0,0.0,-3.6557937961e-20,0.0,0.0,0.73568571429
1597706400.0,0.0,0.0,-3.6557937961e-20,0.0,0.0,0.73568571429
1597706460.0,0.0,0.0,-3.6557937961e-20,0.0,0.0,0.73568571429
1597706520.0,0.0,0.0,-3.6557937961e-20,0.0,0.0,0.73568571429
1597706580.0,0.0,0.0,-3.6557937961e-20,0.0,0.0,0.73568571429
1597706640.0,0.0,0.0,-3.6557937961e-20,0.0,0.0,0.73568571429
1597706700.0,0.0,0.0,-3.6557937961e-20,0.0,0.0,0.73568571429
1597706760.0,0.0,0.0,-3.6557937961e-20,0.0,0.0,0.73568571429
1597706820.0,0.0,0.0,-3.6557937961e-20,0.0,0.0,0.73568571429
1597706880.0,0.0,0.0,-3.6557937961e-20,0.0,0.0,0.73568571429
1597706940.0,0.0,0.0,-3.6557937961e-20,0.0,0.0,0.73568571429
1597707000.0,0.0,0.0,-3.6557937961e-20,0.0,0.0,0.69488571429
1597707060.0,0.0,0.0,-3.6557937961e-20,0.0,0.0,0.69488571429
1597707120.0,0.0,0.0,-3.6557937961e-20,0.0,0.0,0.69488571429
1597707180.0,0.0,0.0,-3.6557937961e-20,0.0,0.0,0.69488571429
1597707240.0,0.0,0.0,-3.6557937961e-20,0.0,0.0,0.69488571429
1597707300.0,0.0,0.0,-3.6557937961e-20,0.0,0.0,0.69488571429
1597707360.0,0.0,0.0,-3.6557937961e-20,0.0,0.0,0.69488571429
1597707420.0,0.0,0.0,-3.6557937961e-20,0.0,0.0,0.69488571429
1597707480.0,0.0,0.0,-3.6557937961e-20,0.0,0.0,0.69488571429
1597707540.0,0.0,0.0,-3.6557937961e-20,0.0,0.0,0.69488571429
1597707600.0,0.0,0.0,-3.6557937961e-20,0.0,0.0,0.69488571429
1597707660.0,0.0,0.0,-3.6557937961e-20,0.0,0.0,0.69488571429
1597707720.0,0.0,0.0,-3.6557937961e-20,0.0,0.0,0.69488571429
1597707780.0,0.0,0.0,-3.6557937961e-20,0.0,0.0,0.69488571429
1597707840.0,0.0,0.0,-3.6557937961e-20,0.0,0.0,0.69488571429
1597707900.0,0.0,0.0,-3.6557937961e-20,0.0,0.0,0.83396190476
1597707960.0,0.0,0.0,-3.6557937961e-20,0.0,0.0,0.83396190476
1597708020.0,0.0,0.0,-3.6557937961e-20,0.0,0.0,0.83396190476
1597708080.0,0.0,0.0,-3.6557937961e-20,0.0,0.0,0.83396190476
1597708140.0,0.0,0.0,-3.6557937961e-20,0.0,0.0,0.83396190476
1597708200.0,0.0,0.0,-3.6557937961e-20,0.0,0.0,0.83396190476
1597708260.0,0.0,0.0,-3.6557937961e-20,0.0,0.0,0.83396190476
1597708320.0,0.0,0.0,-3.6557937961e-20,0.0,0.0,0.83396190476
1597708380.0,0.0,0.0,-3.6557937961e-20,0.0,0.0,0.83396190476
1597708440.0,0.0,0.0,-3.6557937961e-20,0.0,0.0,0.83396190476
1597708500.0,0.0,0.0,-3.6557937961e-20,0.0,0.0,0.83396190476
1597708560.0,0.0,0.0,-3.6557937961e-20,0.0,0.0,0.83396190476
1597708620.0,0.0,0.0,-3.6557937961e-20,0.0,0.0,0.83396190476
1597708680.0,0.0,0.0,-3.6557937961e-20,0.0,0.0,0.83396190476
1597708740.0,0.0,0.0,-3.6557937961e-20,0.0,0.0,0.83396190476
1597708800.0,0.0,0.0,-3.6557937961e-20,0.0,0.0,0.70067619048
